product_id,categoriesID,name,price,image.image_link,image.alt,url
E456261-000,outerwear,AIRism Áo Hoodie Chống UV Kéo Khóa,588.000,https://image.uniqlo.com/UQ/ST3/vn/imagesgoods/456261/item/vngoods_10_456261_3x4.jpg?width=294,AIRism Áo Hoodie Chống UV Kéo Khóa,https://www.uniqlo.com/vn/vi/products/E456261-000
E474895-001,outerwear,Áo Parka Chống Tia UV Bỏ Túi | Họa Tiết,784.000,https://image.uniqlo.com/UQ/ST3/vn/imagesgoods/474895001/item/vngoods_11_474895001_3x4.jpg?width=294,Áo Parka Chống Tia UV Bỏ Túi | Họa Tiết,https://www.uniqlo.com/vn/vi/products/E474895-001
E474175-000,outerwear,Áo Khoác Chống Tia UV Bỏ Túi,784.000,https://image.uniqlo.com/UQ/ST3/vn/imagesgoods/474175/item/vngoods_12_474175_3x4.jpg?width=294,Áo Khoác Chống Tia UV Bỏ Túi,https://www.uniqlo.com/vn/vi/products/E474175-000
E479764-000,outerwear,PUFFTECH Áo Khoác Chần Bông Dáng Ngắn,1.962.000,https://image.uniqlo.com/UQ/ST3/vn/imagesgoods/479764/item/vngoods_30_479764_3x4.jpg?width=294,PUFFTECH Áo Khoác Chần Bông Dáng Ngắn,https://www.uniqlo.com/vn/vi/products/E479764-000
E478580-000,outerwear,PUFFTECH Áo Khoác Chần Bông,2.453.000,https://image.uniqlo.com/UQ/ST3/vn/imagesgoods/478580/item/vngoods_36_478580_3x4.jpg?width=294,PUFFTECH Áo Khoác Chần Bông,https://www.uniqlo.com/vn/vi/products/E478580-000
E481602-000,outerwear,Áo Khoác Hai Mặt,784.000,https://image.uniqlo.com/UQ/ST3/vn/imagesgoods/481602/item/vngoods_41_481602_3x4.jpg?width=294,Áo Khoác Hai Mặt,https://www.uniqlo.com/vn/vi/products/E481602-000
E477602-000,outerwear,AIRism Áo Hoodie Chống Tia UV Kéo Khóa | Họa Tiết,588.000,https://image.uniqlo.com/UQ/ST3/vn/imagesgoods/477602/item/vngoods_02_477602_3x4.jpg?width=294,AIRism Áo Hoodie Chống Tia UV Kéo Khóa | Họa Tiết,https://www.uniqlo.com/vn/vi/products/E477602-000
E465471-000,outerwear,Áo Parka Hai Mặt,784.000,https://image.uniqlo.com/UQ/ST3/vn/imagesgoods/465471/item/vngoods_02_465471_3x4.jpg?width=294,Áo Parka Hai Mặt,https://www.uniqlo.com/vn/vi/products/E465471-000
E469871-000,outerwear,PUFFTECH Áo Khoác Chần Bông | Có Mũ,1.471.000,https://image.uniqlo.com/UQ/ST3/vn/imagesgoods/469871/item/vngoods_06_469871_3x4.jpg?width=294,PUFFTECH Áo Khoác Chần Bông | Có Mũ,https://www.uniqlo.com/vn/vi/products/E469871-000
E479208-000,outerwear,Áo Khoác Dáng Ngắn Kéo Khóa,980.000,https://image.uniqlo.com/UQ/ST3/vn/imagesgoods/479208/item/vngoods_30_479208_3x4.jpg?width=294,Áo Khoác Dáng Ngắn Kéo Khóa,https://www.uniqlo.com/vn/vi/products/E479208-000
E484709-000,outerwear,Áo Khoác Cản Gió,1.275.000,https://image.uniqlo.com/UQ/ST3/vn/imagesgoods/484709/item/vngoods_01_484709_3x4.jpg?width=294,Áo Khoác Cản Gió,https://www.uniqlo.com/vn/vi/products/E484709-000
E482767-000,outerwear,Áo Khoác Bomber,1.471.000,https://image.uniqlo.com/UQ/ST3/vn/imagesgoods/482767/item/vngoods_79_482767_3x4.jpg?width=294,Áo Khoác Bomber,https://www.uniqlo.com/vn/vi/products/E482767-000
E474894-000,outerwear,Áo Khoác Cản Gió,1.275.000,https://image.uniqlo.com/UQ/ST3/vn/imagesgoods/474894/item/vngoods_69_474894_3x4.jpg?width=294,Áo Khoác Cản Gió,https://www.uniqlo.com/vn/vi/products/E474894-000
E475681-000,outerwear,Áo Khoác Blouson Kéo Khóa,1.275.000,https://image.uniqlo.com/UQ/ST3/vn/imagesgoods/475681/item/vngoods_09_475681_3x4.jpg?width=294,Áo Khoác Blouson Kéo Khóa,https://www.uniqlo.com/vn/vi/products/E475681-000
E464918-000,outerwear,Áo Khoác Cản Gió Cổ Trụ,1.275.000,https://image.uniqlo.com/UQ/ST3/vn/imagesgoods/464918/item/vngoods_03_464918_3x4.jpg?width=294,Áo Khoác Cản Gió Cổ Trụ,https://www.uniqlo.com/vn/vi/products/E464918-000
E480827-000,outerwear,Áo Khoác Blouson Dáng Ngắn Kéo Khóa,1.275.000,https://image.uniqlo.com/UQ/ST3/vn/imagesgoods/480827/item/vngoods_68_480827_3x4.jpg?width=294,Áo Khoác Blouson Dáng Ngắn Kéo Khóa,https://www.uniqlo.com/vn/vi/products/E480827-000
E478231-000,outerwear,Áo Parka Chắn Gió,1.275.000,https://image.uniqlo.com/UQ/ST3/vn/imagesgoods/478231/item/vngoods_26_478231_3x4.jpg?width=294,Áo Parka Chắn Gió,https://www.uniqlo.com/vn/vi/products/E478231-000
E478230-000,outerwear,Áo Khoác Blouson Dáng Ngắn Kéo Khóa,1.275.000,https://image.uniqlo.com/UQ/ST3/vn/imagesgoods/478230/item/vngoods_57_478230_3x4.jpg?width=294,Áo Khoác Blouson Dáng Ngắn Kéo Khóa,https://www.uniqlo.com/vn/vi/products/E478230-000
E478277-000,outerwear,Hybrid Down Áo Parka,2.944.000,https://image.uniqlo.com/UQ/ST3/vn/imagesgoods/478277/item/vngoods_09_478277_3x4.jpg?width=294,Hybrid Down Áo Parka,https://www.uniqlo.com/vn/vi/products/E478277-000
E480060-000,outerwear,Áo Khoác Dáng Ngắn,1.471.000,https://image.uniqlo.com/UQ/ST3/vn/imagesgoods/480060/item/vngoods_38_480060_3x4.jpg?width=294,Áo Khoác Dáng Ngắn,https://www.uniqlo.com/vn/vi/products/E480060-000
E449753-000,outerwear,Áo Khoác Giả Lông Cừu Loại Dày Kéo Khóa,588.000,https://image.uniqlo.com/UQ/ST3/vn/imagesgoods/449753/item/vngoods_01_449753_3x4.jpg?width=294,Áo Khoác Giả Lông Cừu Loại Dày Kéo Khóa,https://www.uniqlo.com/vn/vi/products/E449753-000
E480800-000,outerwear,Áo Khoác Giả Lông Cừu Kéo Khóa,980.000,https://image.uniqlo.com/UQ/ST3/vn/imagesgoods/480800/item/vngoods_30_480800_3x4.jpg?width=294,Áo Khoác Giả Lông Cừu Kéo Khóa,https://www.uniqlo.com/vn/vi/products/E480800-000
E479751-000,outerwear,PUFFTECH Áo Khoác Chần Bông,1.471.000,https://image.uniqlo.com/UQ/ST3/vn/imagesgoods/479751/item/vngoods_73_479751_3x4.jpg?width=294,PUFFTECH Áo Khoác Chần Bông,https://www.uniqlo.com/vn/vi/products/E479751-000
E479212-000,outerwear,Powder Soft Down Áo Khoác Lông Vũ,1.962.000,https://image.uniqlo.com/UQ/ST3/vn/imagesgoods/479212/item/vngoods_61_479212_3x4.jpg?width=294,Powder Soft Down Áo Khoác Lông Vũ,https://www.uniqlo.com/vn/vi/products/E479212-000
E481006-000,outerwear,Áo Khoác Vải Jersey Mềm,1.471.000,https://image.uniqlo.com/UQ/ST3/vn/imagesgoods/481006/item/vngoods_07_481006_3x4.jpg?width=294,Áo Khoác Vải Jersey Mềm,https://www.uniqlo.com/vn/vi/products/E481006-000
E481241-000,outerwear,Áo Choàng Balmacaan | Họa Tiết,2.453.000,https://image.uniqlo.com/UQ/ST3/vn/imagesgoods/481241/item/vngoods_34_481241_3x4.jpg?width=294,Áo Choàng Balmacaan | Họa Tiết,https://www.uniqlo.com/vn/vi/products/E481241-000
E479210-000,outerwear,PUFFTECH Áo Gi Lê Chần Bông Dáng Lửng,980.000,https://image.uniqlo.com/UQ/ST3/vn/imagesgoods/479210/item/vngoods_57_479210_3x4.jpg?width=294,PUFFTECH Áo Gi Lê Chần Bông Dáng Lửng,https://www.uniqlo.com/vn/vi/products/E479210-000
E478270-000,outerwear,PUFFTECH Áo Gile Chần Bông,980.000,https://image.uniqlo.com/UQ/ST3/vn/imagesgoods/478270/item/vngoods_77_478270_3x4.jpg?width=294,PUFFTECH Áo Gile Chần Bông,https://www.uniqlo.com/vn/vi/products/E478270-000
E469863-000,outerwear,PUFFTECH Áo Gile Chần Bông Gọn Nhẹ,980.000,https://image.uniqlo.com/UQ/ST3/vn/imagesgoods/469863/item/vngoods_10_469863_3x4.jpg?width=294,PUFFTECH Áo Gile Chần Bông Gọn Nhẹ,https://www.uniqlo.com/vn/vi/products/E469863-000
E479411-000,outerwear,PUFFTECH Áo Khoác Blouson Chần Bông Dáng Ngắn,1.471.000,https://image.uniqlo.com/UQ/ST3/vn/imagesgoods/479411/item/vngoods_09_479411_3x4.jpg?width=294,PUFFTECH Áo Khoác Blouson Chần Bông Dáng Ngắn,https://www.uniqlo.com/vn/vi/products/E479411-000
E478577-000,outerwear,Seamless Down Áo Parka Lông Vũ,2.944.000,https://image.uniqlo.com/UQ/ST3/vn/imagesgoods/478577/item/vngoods_57_478577_3x4.jpg?width=294,Seamless Down Áo Parka Lông Vũ,https://www.uniqlo.com/vn/vi/products/E478577-000
E478578-001,outerwear,Seamless Down Áo Khoác Lông Vũ Dáng Ngắn,2.944.000,https://image.uniqlo.com/UQ/ST3/vn/imagesgoods/478578001/item/vngoods_07_478578001_3x4.jpg?width=294,Seamless Down Áo Khoác Lông Vũ Dáng Ngắn,https://www.uniqlo.com/vn/vi/products/E478578-001
E478578-000,outerwear,Seamless Down Áo Khoác Lông Vũ Dáng Ngắn,2.944.000,https://image.uniqlo.com/UQ/ST3/vn/imagesgoods/478578/item/vngoods_00_478578_3x4.jpg?width=294,Seamless Down Áo Khoác Lông Vũ Dáng Ngắn,https://www.uniqlo.com/vn/vi/products/E478578-000
E470077-000,outerwear,Seamless Down Áo Khoác | Có Mũ,2.944.000,https://image.uniqlo.com/UQ/ST3/vn/imagesgoods/470077/item/vngoods_37_470077_3x4.jpg?width=294,Seamless Down Áo Khoác | Có Mũ,https://www.uniqlo.com/vn/vi/products/E470077-000
E485775-000,outerwear,Áo Khoác Dáng Ngắn Kéo Khóa,980.000,https://image.uniqlo.com/UQ/ST3/vn/imagesgoods/485775/item/vngoods_30_485775_3x4.jpg?width=294,Áo Khoác Dáng Ngắn Kéo Khóa,https://www.uniqlo.com/vn/vi/products/E485775-000
E480820-000,t-shirts-sweat-and-fleece,Áo Thun Dáng Mini | Kẻ Sọc,293.000,https://image.uniqlo.com/UQ/ST3/vn/imagesgoods/480820/item/vngoods_01_480820_3x4.jpg?width=294,Áo Thun Dáng Mini | Kẻ Sọc,https://www.uniqlo.com/vn/vi/products/E480820-000
E480054-000,t-shirts-sweat-and-fleece,AIRism Cotton Áo Thun,293.000,https://image.uniqlo.com/UQ/ST3/vn/imagesgoods/480054/item/vngoods_01_480054_3x4.jpg?width=294,AIRism Cotton Áo Thun,https://www.uniqlo.com/vn/vi/products/E480054-000
E465755-000,t-shirts-sweat-and-fleece,AIRism Cotton Áo Thun,293.000,https://image.uniqlo.com/UQ/ST3/vn/imagesgoods/465755/item/vngoods_00_465755_3x4.jpg?width=294,AIRism Cotton Áo Thun,https://www.uniqlo.com/vn/vi/products/E465755-000
E474415-000,t-shirts-sweat-and-fleece,AIRism Áo Thun Không Đường May,391.000,https://image.uniqlo.com/UQ/ST3/vn/imagesgoods/474415/item/vngoods_12_474415_3x4.jpg?width=294,AIRism Áo Thun Không Đường May,https://www.uniqlo.com/vn/vi/products/E474415-000
E424873-000,t-shirts-sweat-and-fleece,Áo Thun Cổ Tròn,293.000,https://image.uniqlo.com/UQ/ST3/vn/imagesgoods/424873/item/vngoods_00_424873_3x4.jpg?width=294,Áo Thun Cổ Tròn,https://www.uniqlo.com/vn/vi/products/E424873-000
E465760-000,t-shirts-sweat-and-fleece,Áo Thun Mini,293.000,https://image.uniqlo.com/UQ/ST3/vn/imagesgoods/465760/item/vngoods_37_465760_3x4.jpg?width=294,Áo Thun Mini,https://www.uniqlo.com/vn/vi/products/E465760-000
E483993-000,t-shirts-sweat-and-fleece,Áo Thun Mini Vải Pointelle,293.000,https://image.uniqlo.com/UQ/ST3/vn/imagesgoods/483993/item/vngoods_10_483993_3x4.jpg?width=294,Áo Thun Mini Vải Pointelle,https://www.uniqlo.com/vn/vi/products/E483993-000
E484950-000,t-shirts-sweat-and-fleece,Áo Thun Mini Vải Pointelle,293.000,https://image.uniqlo.com/UQ/ST3/vn/imagesgoods/484950/item/vngoods_01_484950_3x4.jpg?width=294,Áo Thun Mini Vải Pointelle,https://www.uniqlo.com/vn/vi/products/E484950-000
E484869-000,t-shirts-sweat-and-fleece,Áo Thun Slub Cotton,391.000,https://image.uniqlo.com/UQ/ST3/AsianCommon/imagesgoods/484869/item/goods_09_484869_3x4.jpg?width=294,Áo Thun Slub Cotton,https://www.uniqlo.com/vn/vi/products/E484869-000
E483470-000,t-shirts-sweat-and-fleece,Áo Thun Vải Slub Cotton | Raglan,391.000,https://image.uniqlo.com/UQ/ST3/AsianCommon/imagesgoods/483470/item/goods_00_483470_3x4.jpg?width=294,Áo Thun Vải Slub Cotton | Raglan,https://www.uniqlo.com/vn/vi/products/E483470-000
E465751-000,t-shirts-sweat-and-fleece,Áo Thun Vải Gân Mềm,391.000,https://image.uniqlo.com/UQ/ST3/vn/imagesgoods/465751/item/vngoods_02_465751_3x4.jpg?width=294,Áo Thun Vải Gân Mềm,https://www.uniqlo.com/vn/vi/products/E465751-000
E480036-000,t-shirts-sweat-and-fleece,Áo Thun Vải Gân Mềm | Kẻ Sọc,391.000,https://image.uniqlo.com/UQ/ST3/vn/imagesgoods/480036/item/vngoods_01_480036_3x4.jpg?width=294,Áo Thun Vải Gân Mềm | Kẻ Sọc,https://www.uniqlo.com/vn/vi/products/E480036-000
E476855-000,t-shirts-sweat-and-fleece,Áo Thun Vải Gân Mềm | Raglan,391.000,https://image.uniqlo.com/UQ/ST3/vn/imagesgoods/476855/item/vngoods_58_476855_3x4.jpg?width=294,Áo Thun Vải Gân Mềm | Raglan,https://www.uniqlo.com/vn/vi/products/E476855-000
E470143-000,t-shirts-sweat-and-fleece,Áo Giả Lông Cừu Đan Len Mềm Cổ Tròn,391.000,https://image.uniqlo.com/UQ/ST3/vn/imagesgoods/470143/item/vngoods_32_470143_3x4.jpg?width=294,Áo Giả Lông Cừu Đan Len Mềm Cổ Tròn,https://www.uniqlo.com/vn/vi/products/E470143-000
E465193-000,t-shirts-sweat-and-fleece,AIRism Cotton Áo Thun,391.000,https://image.uniqlo.com/UQ/ST3/vn/imagesgoods/465193/item/vngoods_30_465193_3x4.jpg?width=294,AIRism Cotton Áo Thun,https://www.uniqlo.com/vn/vi/products/E465193-000
E483596-000,t-shirts-sweat-and-fleece,Áo Thun Vải Cotton Dáng Boxy,293.000,https://image.uniqlo.com/UQ/ST3/vn/imagesgoods/483596/item/vngoods_00_483596_3x4.jpg?width=294,Áo Thun Vải Cotton Dáng Boxy,https://www.uniqlo.com/vn/vi/products/E483596-000
E483460-000,t-shirts-sweat-and-fleece,Áo Thun Vải Slub Cotton Cổ V,293.000,https://image.uniqlo.com/UQ/ST3/vn/imagesgoods/483460/item/vngoods_00_483460_3x4.jpg?width=294,Áo Thun Vải Slub Cotton Cổ V,https://www.uniqlo.com/vn/vi/products/E483460-000
E478949-000,t-shirts-sweat-and-fleece,HEATTECH Extra Warm Áo Thun Giữ Nhiệt Cổ Tròn,489.000,https://image.uniqlo.com/UQ/ST3/vn/imagesgoods/478949/item/vngoods_79_478949_3x4.jpg?width=294,HEATTECH Extra Warm Áo Thun Giữ Nhiệt Cổ Tròn,https://www.uniqlo.com/vn/vi/products/E478949-000
E442063-000,t-shirts-sweat-and-fleece,HEATTECH Áo Giữ Nhiệt Giả Lông Cừu | Cổ Lọ,391.000,https://image.uniqlo.com/UQ/ST3/vn/imagesgoods/442063/item/vngoods_69_442063_3x4.jpg?width=294,HEATTECH Áo Giữ Nhiệt Giả Lông Cừu | Cổ Lọ,https://www.uniqlo.com/vn/vi/products/E442063-000
E480290-000,t-shirts-sweat-and-fleece,Áo Polo Vải Len Dệt 3D,588.000,https://image.uniqlo.com/UQ/ST3/vn/imagesgoods/480290/item/vngoods_54_480290_3x4.jpg?width=294,Áo Polo Vải Len Dệt 3D,https://www.uniqlo.com/vn/vi/products/E480290-000
E476256-000,t-shirts-sweat-and-fleece,Áo Len Polo,588.000,https://image.uniqlo.com/UQ/ST3/AsianCommon/imagesgoods/476256/item/goods_16_476256_3x4.jpg?width=294,Áo Len Polo,https://www.uniqlo.com/vn/vi/products/E476256-000
E476068-000,t-shirts-sweat-and-fleece,Áo Polo Mini,391.000,https://image.uniqlo.com/UQ/ST3/vn/imagesgoods/476068/item/vngoods_09_476068_3x4.jpg?width=294,Áo Polo Mini,https://www.uniqlo.com/vn/vi/products/E476068-000
E455388-000,t-shirts-sweat-and-fleece,Áo Polo Vải Dry Pique,489.000,https://image.uniqlo.com/UQ/ST3/vn/imagesgoods/455388/item/vngoods_04_455388_3x4.jpg?width=294,Áo Polo Vải Dry Pique,https://www.uniqlo.com/vn/vi/products/E455388-000
E480868-000,t-shirts-sweat-and-fleece,HEATTECH Ultra Warm Áo Thun Giữ Nhiệt Cổ Cao,588.000,https://image.uniqlo.com/UQ/ST3/vn/imagesgoods/480868/item/vngoods_37_480868_3x4.jpg?width=294,HEATTECH Ultra Warm Áo Thun Giữ Nhiệt Cổ Cao,https://www.uniqlo.com/vn/vi/products/E480868-000
E475361-000,t-shirts-sweat-and-fleece,Áo Thun Vải Waffle Dry Cổ Henley,391.000,https://image.uniqlo.com/UQ/ST3/vn/imagesgoods/475361/item/vngoods_31_475361_3x4.jpg?width=294,Áo Thun Vải Waffle Dry Cổ Henley,https://www.uniqlo.com/vn/vi/products/E475361-000
E465185-000,t-shirts-sweat-and-fleece,AIRism Cotton Áo Thun Dáng Rộng | Tay Lỡ,391.000,https://image.uniqlo.com/UQ/ST3/AsianCommon/imagesgoods/465185/item/goods_11_465185_3x4.jpg?width=294,AIRism Cotton Áo Thun Dáng Rộng | Tay Lỡ,https://www.uniqlo.com/vn/vi/products/E465185-000
E455365-000,t-shirts-sweat-and-fleece,SUPIMA COTTON Áo Thun Cổ Tròn,391.000,https://image.uniqlo.com/UQ/ST3/vn/imagesgoods/455365/item/vngoods_58_455365_3x4.jpg?width=294,SUPIMA COTTON Áo Thun Cổ Tròn,https://www.uniqlo.com/vn/vi/products/E455365-000
E422992-000,t-shirts-sweat-and-fleece,Áo Thun Cổ Tròn,293.000,https://image.uniqlo.com/UQ/ST3/vn/imagesgoods/422992/item/vngoods_56_422992_3x4.jpg?width=294,Áo Thun Cổ Tròn,https://www.uniqlo.com/vn/vi/products/E422992-000
E477678-000,t-shirts-sweat-and-fleece,Áo Polo Vải Dry Pique | Kẻ Sọc,489.000,https://image.uniqlo.com/UQ/ST3/vn/imagesgoods/477678/item/vngoods_61_477678_3x4.jpg?width=294,Áo Polo Vải Dry Pique | Kẻ Sọc,https://www.uniqlo.com/vn/vi/products/E477678-000
E476227-000,t-shirts-sweat-and-fleece,Áo Polo Dry Vải Pique,489.000,https://image.uniqlo.com/UQ/ST3/vn/imagesgoods/476227/item/vngoods_00_476227_3x4.jpg?width=294,Áo Polo Dry Vải Pique,https://www.uniqlo.com/vn/vi/products/E476227-000
E482197-000,t-shirts-sweat-and-fleece,Áo Bra Top Vải Gân Dáng Ngắn,489.000,https://image.uniqlo.com/UQ/ST3/vn/imagesgoods/482197/item/vngoods_31_482197_3x4.jpg?width=294,Áo Bra Top Vải Gân Dáng Ngắn,https://www.uniqlo.com/vn/vi/products/E482197-000
E477036-000,t-shirts-sweat-and-fleece,Áo Bra Top Vải Gân Dáng Ngắn,489.000,https://image.uniqlo.com/UQ/ST3/vn/imagesgoods/477036/item/vngoods_09_477036_3x4.jpg?width=294,Áo Bra Top Vải Gân Dáng Ngắn,https://www.uniqlo.com/vn/vi/products/E477036-000
E473989-000,t-shirts-sweat-and-fleece,Áo Bra Top Vải Gân Dáng Ngắn | Lined,489.000,https://image.uniqlo.com/UQ/ST3/vn/imagesgoods/473989/item/vngoods_00_473989_3x4.jpg?width=294,Áo Bra Top Vải Gân Dáng Ngắn | Lined,https://www.uniqlo.com/vn/vi/products/E473989-000
E473985-000,t-shirts-sweat-and-fleece,Áo Bra Top Vải Gân Dáng Ngắn,489.000,https://image.uniqlo.com/UQ/ST3/vn/imagesgoods/473985/item/vngoods_09_473985_3x4.jpg?width=294,Áo Bra Top Vải Gân Dáng Ngắn,https://www.uniqlo.com/vn/vi/products/E473985-000
E473979-000,t-shirts-sweat-and-fleece,AIRism Áo Bra Top | Không Tay,489.000,https://image.uniqlo.com/UQ/ST3/vn/imagesgoods/473979/item/vngoods_71_473979_3x4.jpg?width=294,AIRism Áo Bra Top | Không Tay,https://www.uniqlo.com/vn/vi/products/E473979-000
E465707-000,t-shirts-sweat-and-fleece,AIRism Áo Bra Top Hai Dây,489.000,https://image.uniqlo.com/UQ/ST3/vn/imagesgoods/465707/item/vngoods_09_465707_3x4.jpg?width=294,AIRism Áo Bra Top Hai Dây,https://www.uniqlo.com/vn/vi/products/E465707-000
E482329-000,t-shirts-sweat-and-fleece,Áo Bra Top Vải Gân Dáng Racer Back,489.000,https://image.uniqlo.com/UQ/ST3/AsianCommon/imagesgoods/482329/item/goods_00_482329_3x4.jpg?width=294,Áo Bra Top Vải Gân Dáng Racer Back,https://www.uniqlo.com/vn/vi/products/E482329-000
E480636-000,t-shirts-sweat-and-fleece,Đầm Bra Kiểu Có Thể Giặt Máy | Không Tay,784.000,https://image.uniqlo.com/UQ/ST3/vn/imagesgoods/480636/item/vngoods_34_480636_3x4.jpg?width=294,Đầm Bra Kiểu Có Thể Giặt Máy | Không Tay,https://www.uniqlo.com/vn/vi/products/E480636-000
E478793-000,t-shirts-sweat-and-fleece,HEATTECH Extra Warm Áo Thun Bra Top Vải Gân Cổ Rộng,588.000,https://image.uniqlo.com/UQ/ST3/vn/imagesgoods/478793/item/vngoods_09_478793_3x4.jpg?width=294,HEATTECH Extra Warm Áo Thun Bra Top Vải Gân Cổ Rộng,https://www.uniqlo.com/vn/vi/products/E478793-000
E484468-000,t-shirts-sweat-and-fleece,UT Tamagotchi Áo Thun,391.000,https://image.uniqlo.com/UQ/ST3/vn/imagesgoods/484468/item/vngoods_09_484468_3x4.jpg?width=294,UT Tamagotchi Áo Thun,https://www.uniqlo.com/vn/vi/products/E484468-000
E484467-000,t-shirts-sweat-and-fleece,UT Tamagotchi Áo Thun,391.000,https://image.uniqlo.com/UQ/ST3/vn/imagesgoods/484467/item/vngoods_71_484467_3x4.jpg?width=294,UT Tamagotchi Áo Thun,https://www.uniqlo.com/vn/vi/products/E484467-000
E484466-000,t-shirts-sweat-and-fleece,UT Tamagotchi Áo Thun,391.000,https://image.uniqlo.com/UQ/ST3/vn/imagesgoods/484466/item/vngoods_02_484466_3x4.jpg?width=294,UT Tamagotchi Áo Thun,https://www.uniqlo.com/vn/vi/products/E484466-000
E483256-000,t-shirts-sweat-and-fleece,UT Tamagotchi Áo Thun,391.000,https://image.uniqlo.com/UQ/ST3/vn/imagesgoods/483256/item/vngoods_00_483256_3x4.jpg?width=294,UT Tamagotchi Áo Thun,https://www.uniqlo.com/vn/vi/products/E483256-000
E484471-000,t-shirts-sweat-and-fleece,UT Sanrio Characters Áo Thun,391.000,https://image.uniqlo.com/UQ/ST3/vn/imagesgoods/484471/item/vngoods_08_484471_3x4.jpg?width=294,UT Sanrio Characters Áo Thun,https://www.uniqlo.com/vn/vi/products/E484471-000
E484470-000,t-shirts-sweat-and-fleece,UT Sanrio Characters Áo Thun,391.000,https://image.uniqlo.com/UQ/ST3/vn/imagesgoods/484470/item/vngoods_41_484470_3x4.jpg?width=294,UT Sanrio Characters Áo Thun,https://www.uniqlo.com/vn/vi/products/E484470-000
E484469-000,t-shirts-sweat-and-fleece,UT Sanrio Characters Áo Thun,391.000,https://image.uniqlo.com/UQ/ST3/vn/imagesgoods/484469/item/vngoods_03_484469_3x4.jpg?width=294,UT Sanrio Characters Áo Thun,https://www.uniqlo.com/vn/vi/products/E484469-000
E483257-000,t-shirts-sweat-and-fleece,UT Sanrio Characters Áo Thun,391.000,https://image.uniqlo.com/UQ/ST3/vn/imagesgoods/483257/item/vngoods_00_483257_3x4.jpg?width=294,UT Sanrio Characters Áo Thun,https://www.uniqlo.com/vn/vi/products/E483257-000
E484769-000,t-shirts-sweat-and-fleece,UT MAGIC FOR ALL TIMELESS Áo Thun,391.000,https://image.uniqlo.com/UQ/ST3/vn/imagesgoods/484769/item/vngoods_01_484769_3x4.jpg?width=294,UT MAGIC FOR ALL TIMELESS Áo Thun,https://www.uniqlo.com/vn/vi/products/E484769-000
E484768-000,t-shirts-sweat-and-fleece,UT MAGIC FOR ALL TIMELESS Áo Thun,391.000,https://image.uniqlo.com/UQ/ST3/vn/imagesgoods/484768/item/vngoods_09_484768_3x4.jpg?width=294,UT MAGIC FOR ALL TIMELESS Áo Thun,https://www.uniqlo.com/vn/vi/products/E484768-000
E484767-000,t-shirts-sweat-and-fleece,UT MAGIC FOR ALL TIMELESS Áo Thun,391.000,https://image.uniqlo.com/UQ/ST3/vn/imagesgoods/484767/item/vngoods_51_484767_3x4.jpg?width=294,UT MAGIC FOR ALL TIMELESS Áo Thun,https://www.uniqlo.com/vn/vi/products/E484767-000
E483254-000,t-shirts-sweat-and-fleece,UT MAGIC FOR ALL TIMELESS Áo Thun,391.000,https://image.uniqlo.com/UQ/ST3/vn/imagesgoods/483254/item/vngoods_00_483254_3x4.jpg?width=294,UT MAGIC FOR ALL TIMELESS Áo Thun,https://www.uniqlo.com/vn/vi/products/E483254-000
E481297-000,t-shirts-sweat-and-fleece,UT POP MART Áo Thun,391.000,https://image.uniqlo.com/UQ/ST3/vn/imagesgoods/481297/item/vngoods_09_481297_3x4.jpg?width=294,UT POP MART Áo Thun,https://www.uniqlo.com/vn/vi/products/E481297-000
E481097-000,t-shirts-sweat-and-fleece,UT POP MART Áo Thun,391.000,https://image.uniqlo.com/UQ/ST3/vn/imagesgoods/481097/item/vngoods_11_481097_3x4.jpg?width=294,UT POP MART Áo Thun,https://www.uniqlo.com/vn/vi/products/E481097-000
E480672-000,t-shirts-sweat-and-fleece,UT POP MART Áo Thun,391.000,https://image.uniqlo.com/UQ/ST3/vn/imagesgoods/480672/item/vngoods_02_480672_3x4.jpg?width=294,UT POP MART Áo Thun,https://www.uniqlo.com/vn/vi/products/E480672-000
E480671-000,t-shirts-sweat-and-fleece,UT POP MART Áo Thun,391.000,https://image.uniqlo.com/UQ/ST3/vn/imagesgoods/480671/item/vngoods_00_480671_3x4.jpg?width=294,UT POP MART Áo Thun,https://www.uniqlo.com/vn/vi/products/E480671-000
E479309-000,t-shirts-sweat-and-fleece,UT NY POP ART Áo Thun,391.000,https://image.uniqlo.com/UQ/ST3/AsianCommon/imagesgoods/479309/item/goods_00_479309_3x4.jpg?width=294,UT NY POP ART Áo Thun,https://www.uniqlo.com/vn/vi/products/E479309-000
E477293-000,t-shirts-sweat-and-fleece,UT NY POP ART Áo Thun | Basquiat,391.000,https://image.uniqlo.com/UQ/ST3/AsianCommon/imagesgoods/477293/item/goods_08_477293_3x4.jpg?width=294,UT NY POP ART Áo Thun | Basquiat,https://www.uniqlo.com/vn/vi/products/E477293-000
E477291-000,t-shirts-sweat-and-fleece,UT NY POP ART Áo Thun | Basquiat,391.000,https://image.uniqlo.com/UQ/ST3/AsianCommon/imagesgoods/477291/item/goods_01_477291_3x4.jpg?width=294,UT NY POP ART Áo Thun | Basquiat,https://www.uniqlo.com/vn/vi/products/E477291-000
E478494-000,t-shirts-sweat-and-fleece,UT Mickey Mouse in Vietnam Áo Thun,391.000,https://image.uniqlo.com/UQ/ST3/AsianCommon/imagesgoods/478494/item/goods_09_478494_3x4.jpg?width=294,UT Mickey Mouse in Vietnam Áo Thun,https://www.uniqlo.com/vn/vi/products/E478494-000
E478493-000,t-shirts-sweat-and-fleece,UT Mickey Mouse in Vietnam Áo Thun,391.000,https://image.uniqlo.com/UQ/ST3/AsianCommon/imagesgoods/478493/item/goods_55_478493_3x4.jpg?width=294,UT Mickey Mouse in Vietnam Áo Thun,https://www.uniqlo.com/vn/vi/products/E478493-000
E478492-000,t-shirts-sweat-and-fleece,UT Mickey Mouse in Vietnam Áo Thun,391.000,https://image.uniqlo.com/UQ/ST3/AsianCommon/imagesgoods/478492/item/goods_17_478492_3x4.jpg?width=294,UT Mickey Mouse in Vietnam Áo Thun,https://www.uniqlo.com/vn/vi/products/E478492-000
E478479-000,t-shirts-sweat-and-fleece,UT Mickey Mouse in Vietnam Áo Thun,391.000,https://image.uniqlo.com/UQ/ST3/AsianCommon/imagesgoods/478479/item/goods_00_478479_3x4.jpg?width=294,UT Mickey Mouse in Vietnam Áo Thun,https://www.uniqlo.com/vn/vi/products/E478479-000
E479603-000,t-shirts-sweat-and-fleece,Áo Hoodie Nỉ Dry Kéo Khóa,686.000,https://image.uniqlo.com/UQ/ST3/vn/imagesgoods/479603/item/vngoods_69_479603_3x4.jpg?width=294,Áo Hoodie Nỉ Dry Kéo Khóa,https://www.uniqlo.com/vn/vi/products/E479603-000
E479697-000,t-shirts-sweat-and-fleece,Áo Khoác Giả Lông Cừu Hai Mặt Cản Gió,980.000,https://image.uniqlo.com/UQ/ST3/vn/imagesgoods/479697/item/vngoods_09_479697_3x4.jpg?width=294,Áo Khoác Giả Lông Cừu Hai Mặt Cản Gió,https://www.uniqlo.com/vn/vi/products/E479697-000
E485599-000,t-shirts-sweat-and-fleece,Chân Váy Nỉ Dry Dáng Ôm Dài,588.000,https://image.uniqlo.com/UQ/ST3/vn/imagesgoods/485599/item/vngoods_30_485599_3x4.jpg?width=294,Chân Váy Nỉ Dry Dáng Ôm Dài,https://www.uniqlo.com/vn/vi/products/E485599-000
E479619-000,t-shirts-sweat-and-fleece,Quần Nỉ Dry Ống Cong,686.000,https://image.uniqlo.com/UQ/ST3/vn/imagesgoods/479619/item/vngoods_58_479619_3x4.jpg?width=294,Quần Nỉ Dry Ống Cong,https://www.uniqlo.com/vn/vi/products/E479619-000
E471809-000,t-shirts-sweat-and-fleece,Quần Nỉ Dáng Rộng,784.000,https://image.uniqlo.com/UQ/ST3/vn/imagesgoods/471809/item/vngoods_18_471809_3x4.jpg?width=294,Quần Nỉ Dáng Rộng,https://www.uniqlo.com/vn/vi/products/E471809-000
E481040-000,t-shirts-sweat-and-fleece,Áo Nỉ Dáng Rộng,588.000,https://image.uniqlo.com/UQ/ST3/vn/imagesgoods/481040/item/vngoods_03_481040_3x4.jpg?width=294,Áo Nỉ Dáng Rộng,https://www.uniqlo.com/vn/vi/products/E481040-000
E480346-000,t-shirts-sweat-and-fleece,STUDIO GHIBLI Áo Nỉ,588.000,https://image.uniqlo.com/UQ/ST3/vn/imagesgoods/480346/item/vngoods_00_480346_3x4.jpg?width=294,STUDIO GHIBLI Áo Nỉ,https://www.uniqlo.com/vn/vi/products/E480346-000
E475378-000,t-shirts-sweat-and-fleece,Áo Hoodie Nỉ Trùm Đầu,784.000,https://image.uniqlo.com/UQ/ST3/vn/imagesgoods/475378/item/vngoods_05_475378_3x4.jpg?width=294,Áo Hoodie Nỉ Trùm Đầu,https://www.uniqlo.com/vn/vi/products/E475378-000
E475377-000,t-shirts-sweat-and-fleece,Áo Nỉ,588.000,https://image.uniqlo.com/UQ/ST3/vn/imagesgoods/475377/item/vngoods_69_475377_3x4.jpg?width=294,Áo Nỉ,https://www.uniqlo.com/vn/vi/products/E475377-000
E471808-000,t-shirts-sweat-and-fleece,Áo Hoodie Nỉ Chui Đầu Dáng Rộng,784.000,https://image.uniqlo.com/UQ/ST3/vn/imagesgoods/471808/item/vngoods_58_471808_3x4.jpg?width=294,Áo Hoodie Nỉ Chui Đầu Dáng Rộng,https://www.uniqlo.com/vn/vi/products/E471808-000
E479791-000,t-shirts-sweat-and-fleece,Áo Giả Lông Cừu Đan Len Mềm Cổ Tròn,391.000,https://image.uniqlo.com/UQ/ST3/vn/imagesgoods/479791/item/vngoods_58_479791_3x4.jpg?width=294,Áo Giả Lông Cừu Đan Len Mềm Cổ Tròn,https://www.uniqlo.com/vn/vi/products/E479791-000
E479695-000,t-shirts-sweat-and-fleece,Quần Giả Lông Cừu Giữ Ấm Ống Suông,588.000,https://image.uniqlo.com/UQ/ST3/vn/imagesgoods/479695/item/vngoods_39_479695_3x4.jpg?width=294,Quần Giả Lông Cừu Giữ Ấm Ống Suông,https://www.uniqlo.com/vn/vi/products/E479695-000
E469956-000,t-shirts-sweat-and-fleece,Áo Khoác Giả Lông Cừu Kéo Khóa | Hai Màu,588.000,https://image.uniqlo.com/UQ/ST3/vn/imagesgoods/469956/item/vngoods_31_469956_3x4.jpg?width=294,Áo Khoác Giả Lông Cừu Kéo Khóa | Hai Màu,https://www.uniqlo.com/vn/vi/products/E469956-000
E450195-000,t-shirts-sweat-and-fleece,Áo Khoác Giả Lông Cừu Kéo Khóa,588.000,https://image.uniqlo.com/UQ/ST3/vn/imagesgoods/450195/item/vngoods_79_450195_3x4.jpg?width=294,Áo Khoác Giả Lông Cừu Kéo Khóa,https://www.uniqlo.com/vn/vi/products/E450195-000
E479616-000,t-shirts-sweat-and-fleece,Áo Cardigan Giả Lông Cừu Lót Lông | Dáng Relax,784.000,https://image.uniqlo.com/UQ/ST3/vn/imagesgoods/479616/item/vngoods_01_479616_3x4.jpg?width=294,Áo Cardigan Giả Lông Cừu Lót Lông | Dáng Relax,https://www.uniqlo.com/vn/vi/products/E479616-000
E480800-000,t-shirts-sweat-and-fleece,Áo Khoác Giả Lông Cừu Kéo Khóa,980.000,https://image.uniqlo.com/UQ/ST3/vn/imagesgoods/480800/item/vngoods_30_480800_3x4.jpg?width=294,Áo Khoác Giả Lông Cừu Kéo Khóa,https://www.uniqlo.com/vn/vi/products/E480800-000
E449753-000,t-shirts-sweat-and-fleece,Áo Khoác Giả Lông Cừu Loại Dày Kéo Khóa,588.000,https://image.uniqlo.com/UQ/ST3/vn/imagesgoods/449753/item/vngoods_01_449753_3x4.jpg?width=294,Áo Khoác Giả Lông Cừu Loại Dày Kéo Khóa,https://www.uniqlo.com/vn/vi/products/E449753-000
E480815-000,t-shirts-sweat-and-fleece,PEACE FOR ALL Áo Thun | Koji Yakusho,391.000,https://image.uniqlo.com/UQ/ST3/vn/imagesgoods/480815/item/vngoods_09_480815_3x4.jpg?width=294,PEACE FOR ALL Áo Thun | Koji Yakusho,https://www.uniqlo.com/vn/vi/products/E480815-000
E480814-000,t-shirts-sweat-and-fleece,PEACE FOR ALL Áo Thun | AKAMAI,391.000,https://image.uniqlo.com/UQ/ST3/vn/imagesgoods/480814/item/vngoods_30_480814_3x4.jpg?width=294,PEACE FOR ALL Áo Thun | AKAMAI,https://www.uniqlo.com/vn/vi/products/E480814-000
E479184-000,t-shirts-sweat-and-fleece,PEACE FOR ALL Áo Thun | Ichiro Suzuki,391.000,https://image.uniqlo.com/UQ/ST3/vn/imagesgoods/479184/item/vngoods_00_479184_3x4.jpg?width=294,PEACE FOR ALL Áo Thun | Ichiro Suzuki,https://www.uniqlo.com/vn/vi/products/E479184-000
E479183-000,t-shirts-sweat-and-fleece,PEACE FOR ALL Áo Thun | Kashiwa Sato,391.000,https://image.uniqlo.com/UQ/ST3/vn/imagesgoods/479183/item/vngoods_09_479183_3x4.jpg?width=294,PEACE FOR ALL Áo Thun | Kashiwa Sato,https://www.uniqlo.com/vn/vi/products/E479183-000
E479182-000,t-shirts-sweat-and-fleece,Peace For All Áo Thun | Pablo Picasso,391.000,https://image.uniqlo.com/UQ/ST3/AsianCommon/imagesgoods/479182/item/goods_00_479182_3x4.jpg?width=294,Peace For All Áo Thun | Pablo Picasso,https://www.uniqlo.com/vn/vi/products/E479182-000
E476355-000,t-shirts-sweat-and-fleece,PEACE FOR ALL Áo Thun Ngắn Tay (Magnum),391.000,https://image.uniqlo.com/UQ/ST3/AsianCommon/imagesgoods/476355/item/goods_00_476355_3x4.jpg?width=294,PEACE FOR ALL Áo Thun Ngắn Tay (Magnum),https://www.uniqlo.com/vn/vi/products/E476355-000
E476354-000,t-shirts-sweat-and-fleece,PEACE FOR ALL Áo Thun Ngắn Tay (Magnum),391.000,https://image.uniqlo.com/UQ/ST3/AsianCommon/imagesgoods/476354/item/goods_00_476354_3x4.jpg?width=294,PEACE FOR ALL Áo Thun Ngắn Tay (Magnum),https://www.uniqlo.com/vn/vi/products/E476354-000
E476353-000,t-shirts-sweat-and-fleece,PEACE FOR ALL Áo Thun Ngắn Tay (Magnum),391.000,https://image.uniqlo.com/UQ/ST3/AsianCommon/imagesgoods/476353/item/goods_00_476353_3x4.jpg?width=294,PEACE FOR ALL Áo Thun Ngắn Tay (Magnum),https://www.uniqlo.com/vn/vi/products/E476353-000
E475763-000,t-shirts-sweat-and-fleece,PEACE FOR ALL Áo Thun Ngắn Tay (Saul Leiter),391.000,https://image.uniqlo.com/UQ/ST3/AsianCommon/imagesgoods/475763/item/goods_00_475763_3x4.jpg?width=294,PEACE FOR ALL Áo Thun Ngắn Tay (Saul Leiter),https://www.uniqlo.com/vn/vi/products/E475763-000
E475762-000,t-shirts-sweat-and-fleece,PEACE FOR ALL Áo Thun Ngắn Tay (Han Meilin),391.000,https://image.uniqlo.com/UQ/ST3/AsianCommon/imagesgoods/475762/item/goods_09_475762_3x4.jpg?width=294,PEACE FOR ALL Áo Thun Ngắn Tay (Han Meilin),https://www.uniqlo.com/vn/vi/products/E475762-000
E475761-000,t-shirts-sweat-and-fleece,PEACE FOR ALL Áo Thun Ngắn Tay (TOKUJIN),391.000,https://image.uniqlo.com/UQ/ST3/AsianCommon/imagesgoods/475761/item/goods_00_475761_3x4.jpg?width=294,PEACE FOR ALL Áo Thun Ngắn Tay (TOKUJIN),https://www.uniqlo.com/vn/vi/products/E475761-000
E472520-000,t-shirts-sweat-and-fleece,PEACE FOR ALL Áo Thun | Takeshi Yoro,391.000,https://image.uniqlo.com/UQ/ST3/AsianCommon/imagesgoods/472520/item/goods_00_472520_3x4.jpg?width=294,PEACE FOR ALL Áo Thun | Takeshi Yoro,https://www.uniqlo.com/vn/vi/products/E472520-000
E472519-000,t-shirts-sweat-and-fleece,PEACE FOR ALL Áo Thun | Khaled Hosseini,391.000,https://image.uniqlo.com/UQ/ST3/AsianCommon/imagesgoods/472519/item/goods_60_472519_3x4.jpg?width=294,PEACE FOR ALL Áo Thun | Khaled Hosseini,https://www.uniqlo.com/vn/vi/products/E472519-000
E472516-000,t-shirts-sweat-and-fleece,PEACE FOR ALL Áo Thun | Moomin,391.000,https://image.uniqlo.com/UQ/ST3/AsianCommon/imagesgoods/472516/item/goods_10_472516_3x4.jpg?width=294,PEACE FOR ALL Áo Thun | Moomin,https://www.uniqlo.com/vn/vi/products/E472516-000
E471157-000,t-shirts-sweat-and-fleece,PEACE FOR ALL Áo Thun | Herzog & de Meuron,391.000,https://image.uniqlo.com/UQ/ST3/AsianCommon/imagesgoods/471157/item/goods_09_471157_3x4.jpg?width=294,PEACE FOR ALL Áo Thun | Herzog & de Meuron,https://www.uniqlo.com/vn/vi/products/E471157-000
E468496-000,t-shirts-sweat-and-fleece,PEACE FOR ALL Áo Thun | Ultraman,391.000,https://image.uniqlo.com/UQ/ST3/AsianCommon/imagesgoods/468496/item/goods_02_468496_3x4.jpg?width=294,PEACE FOR ALL Áo Thun | Ultraman,https://www.uniqlo.com/vn/vi/products/E468496-000
E468495-000,t-shirts-sweat-and-fleece,PEACE FOR ALL Áo Thun | Yu Nagaba,391.000,https://image.uniqlo.com/UQ/ST3/AsianCommon/imagesgoods/468495/item/goods_30_468495_3x4.jpg?width=294,PEACE FOR ALL Áo Thun | Yu Nagaba,https://www.uniqlo.com/vn/vi/products/E468495-000
E466377-000,t-shirts-sweat-and-fleece,PEACE FOR ALL (F. Risso) Áo Thun Ngắn Tay,391.000,https://image.uniqlo.com/UQ/ST3/AsianCommon/imagesgoods/466377/item/goods_00_466377_3x4.jpg?width=294,PEACE FOR ALL (F. Risso) Áo Thun Ngắn Tay,https://www.uniqlo.com/vn/vi/products/E466377-000
E466374-000,t-shirts-sweat-and-fleece,PEACE FOR ALL (Julian Opie) Áo Thun Ngắn Tay,391.000,https://image.uniqlo.com/UQ/ST3/AsianCommon/imagesgoods/466374/item/goods_00_466374_3x4.jpg?width=294,PEACE FOR ALL (Julian Opie) Áo Thun Ngắn Tay,https://www.uniqlo.com/vn/vi/products/E466374-000
E466168-000,t-shirts-sweat-and-fleece,PEACE FOR ALL Áo Thun | E. Moureaux,391.000,https://image.uniqlo.com/UQ/ST3/AsianCommon/imagesgoods/466168/item/goods_00_466168_3x4.jpg?width=294,PEACE FOR ALL Áo Thun | E. Moureaux,https://www.uniqlo.com/vn/vi/products/E466168-000
E461415-000,t-shirts-sweat-and-fleece,PEACE FOR ALL (Keith Haring) Áo Thun Ngắn Tay,391.000,https://image.uniqlo.com/UQ/ST3/AsianCommon/imagesgoods/461415/item/goods_27_461415_3x4.jpg?width=294,PEACE FOR ALL (Keith Haring) Áo Thun Ngắn Tay,https://www.uniqlo.com/vn/vi/products/E461415-000
E459569-000,t-shirts-sweat-and-fleece,PEACE FOR ALL (Magnum Photos) Áo Thun Ngắn Tay,391.000,https://image.uniqlo.com/UQ/ST3/AsianCommon/imagesgoods/459569/item/goods_00_459569_3x4.jpg?width=294,PEACE FOR ALL (Magnum Photos) Áo Thun Ngắn Tay,https://www.uniqlo.com/vn/vi/products/E459569-000
E459568-000,t-shirts-sweat-and-fleece,PEACE FOR ALL (Daido Moriyama) Áo Thun Ngắn Tay,391.000,https://image.uniqlo.com/UQ/ST3/AsianCommon/imagesgoods/459568/item/goods_09_459568_3x4.jpg?width=294,PEACE FOR ALL (Daido Moriyama) Áo Thun Ngắn Tay,https://www.uniqlo.com/vn/vi/products/E459568-000
E459567-000,t-shirts-sweat-and-fleece,PEACE FOR ALL (PEANUTS) Áo Thun Ngắn Tay,391.000,https://image.uniqlo.com/UQ/ST3/AsianCommon/imagesgoods/459567/item/goods_41_459567_3x4.jpg?width=294,PEACE FOR ALL (PEANUTS) Áo Thun Ngắn Tay,https://www.uniqlo.com/vn/vi/products/E459567-000
E459566-000,t-shirts-sweat-and-fleece,PEACE FOR ALL (Wim Wenders) Áo Thun Ngắn Tay,391.000,https://image.uniqlo.com/UQ/ST3/AsianCommon/imagesgoods/459566/item/goods_00_459566_3x4.jpg?width=294,PEACE FOR ALL (Wim Wenders) Áo Thun Ngắn Tay,https://www.uniqlo.com/vn/vi/products/E459566-000
E459565-000,t-shirts-sweat-and-fleece,PEACE FOR ALL Áo Thun | Jean-Michel Basquiat,391.000,https://image.uniqlo.com/UQ/ST3/AsianCommon/imagesgoods/459565/item/goods_08_459565_3x4.jpg?width=294,PEACE FOR ALL Áo Thun | Jean-Michel Basquiat,https://www.uniqlo.com/vn/vi/products/E459565-000
E459564-000,t-shirts-sweat-and-fleece,PEACE FOR ALL (Dick Bruna) Áo Thun Ngắn Tay,391.000,https://image.uniqlo.com/UQ/ST3/AsianCommon/imagesgoods/459564/item/goods_61_459564_3x4.jpg?width=294,PEACE FOR ALL (Dick Bruna) Áo Thun Ngắn Tay,https://www.uniqlo.com/vn/vi/products/E459564-000
E459563-000,t-shirts-sweat-and-fleece,PEACE FOR ALL (Roger Federer) Áo Thun Ngắn Tay,391.000,https://image.uniqlo.com/UQ/ST3/AsianCommon/imagesgoods/459563/item/goods_00_459563_3x4.jpg?width=294,PEACE FOR ALL (Roger Federer) Áo Thun Ngắn Tay,https://www.uniqlo.com/vn/vi/products/E459563-000
E459562-000,t-shirts-sweat-and-fleece,PEACE FOR ALL Lisa Larson Áo Thun Ngắn Tay,391.000,https://image.uniqlo.com/UQ/ST3/AsianCommon/imagesgoods/459562/item/goods_69_459562_3x4.jpg?width=294,PEACE FOR ALL Lisa Larson Áo Thun Ngắn Tay,https://www.uniqlo.com/vn/vi/products/E459562-000
E459561-000,t-shirts-sweat-and-fleece,PEACE FOR ALL (Akamai Technologies) Áo Thun Ngắn Tay,391.000,https://image.uniqlo.com/UQ/ST3/AsianCommon/imagesgoods/459561/item/goods_09_459561_3x4.jpg?width=294,PEACE FOR ALL (Akamai Technologies) Áo Thun Ngắn Tay,https://www.uniqlo.com/vn/vi/products/E459561-000
E457857-000,t-shirts-sweat-and-fleece,PEACE FOR ALL (Hana Tajima) Áo Thun Ngắn Tay,391.000,https://image.uniqlo.com/UQ/ST3/AsianCommon/imagesgoods/457857/item/goods_10_457857_3x4.jpg?width=294,PEACE FOR ALL (Hana Tajima) Áo Thun Ngắn Tay,https://www.uniqlo.com/vn/vi/products/E457857-000
E457129-000,t-shirts-sweat-and-fleece,PEACE FOR ALL (Christophe Lemaire) Áo Thun Ngắn Tay,391.000,https://image.uniqlo.com/UQ/ST3/AsianCommon/imagesgoods/457129/item/goods_55_457129_3x4.jpg?width=294,PEACE FOR ALL (Christophe Lemaire) Áo Thun Ngắn Tay,https://www.uniqlo.com/vn/vi/products/E457129-000
E457127-000,t-shirts-sweat-and-fleece,PEACE FOR ALL (Ines De La Fressange) Áo Thun Ngắn Tay,391.000,https://image.uniqlo.com/UQ/ST3/AsianCommon/imagesgoods/457127/item/goods_00_457127_3x4.jpg?width=294,PEACE FOR ALL (Ines De La Fressange) Áo Thun Ngắn Tay,https://www.uniqlo.com/vn/vi/products/E457127-000
E457126-000,t-shirts-sweat-and-fleece,PEACE FOR ALL (Tadao Ando) Áo Thun Ngắn Tay,391.000,https://image.uniqlo.com/UQ/ST3/AsianCommon/imagesgoods/457126/item/goods_00_457126_3x4.jpg?width=294,PEACE FOR ALL (Tadao Ando) Áo Thun Ngắn Tay,https://www.uniqlo.com/vn/vi/products/E457126-000
E457125-000,t-shirts-sweat-and-fleece,PEACE FOR ALL Áo Thun | Kosuke Kawamura,391.000,https://image.uniqlo.com/UQ/ST3/AsianCommon/imagesgoods/457125/item/goods_09_457125_3x4.jpg?width=294,PEACE FOR ALL Áo Thun | Kosuke Kawamura,https://www.uniqlo.com/vn/vi/products/E457125-000
E457124-000,t-shirts-sweat-and-fleece,PEACE FOR ALL (Kashiwa Sato) Áo Thun Ngắn Tay,391.000,https://image.uniqlo.com/UQ/ST3/AsianCommon/imagesgoods/457124/item/goods_00_457124_3x4.jpg?width=294,PEACE FOR ALL (Kashiwa Sato) Áo Thun Ngắn Tay,https://www.uniqlo.com/vn/vi/products/E457124-000
E457123-000,t-shirts-sweat-and-fleece,PEACE FOR ALL (Rei Inamoto) Áo Thun Ngắn Tay,391.000,https://image.uniqlo.com/UQ/ST3/AsianCommon/imagesgoods/457123/item/goods_09_457123_3x4.jpg?width=294,PEACE FOR ALL (Rei Inamoto) Áo Thun Ngắn Tay,https://www.uniqlo.com/vn/vi/products/E457123-000
E457122-000,t-shirts-sweat-and-fleece,PEACE FOR ALL (Shingo Kunieda) Áo Thun Ngắn Tay,391.000,https://image.uniqlo.com/UQ/ST3/AsianCommon/imagesgoods/457122/item/goods_09_457122_3x4.jpg?width=294,PEACE FOR ALL (Shingo Kunieda) Áo Thun Ngắn Tay,https://www.uniqlo.com/vn/vi/products/E457122-000
E457121-000,t-shirts-sweat-and-fleece,PEACE FOR ALL Áo Thun | Kei Nishikori,391.000,https://image.uniqlo.com/UQ/ST3/AsianCommon/imagesgoods/457121/item/goods_00_457121_3x4.jpg?width=294,PEACE FOR ALL Áo Thun | Kei Nishikori,https://www.uniqlo.com/vn/vi/products/E457121-000
E457120-000,t-shirts-sweat-and-fleece,PEACE FOR ALL (Ayumu Hirano) Áo Thun Ngắn Tay,391.000,https://image.uniqlo.com/UQ/ST3/AsianCommon/imagesgoods/457120/item/goods_69_457120_3x4.jpg?width=294,PEACE FOR ALL (Ayumu Hirano) Áo Thun Ngắn Tay,https://www.uniqlo.com/vn/vi/products/E457120-000
E457119-000,t-shirts-sweat-and-fleece,PEACE FOR ALL Áo Thun | Adam Scott,391.000,https://image.uniqlo.com/UQ/ST3/AsianCommon/imagesgoods/457119/item/goods_09_457119_3x4.jpg?width=294,PEACE FOR ALL Áo Thun | Adam Scott,https://www.uniqlo.com/vn/vi/products/E457119-000
E457117-000,t-shirts-sweat-and-fleece,PEACE FOR ALL Áo Thun | Shinya Yamanaka,391.000,https://image.uniqlo.com/UQ/ST3/AsianCommon/imagesgoods/457117/item/goods_00_457117_3x4.jpg?width=294,PEACE FOR ALL Áo Thun | Shinya Yamanaka,https://www.uniqlo.com/vn/vi/products/E457117-000
E457111-000,t-shirts-sweat-and-fleece,PEACE FOR ALL Haruki Murakami Áo Thun Ngắn Tay,391.000,https://image.uniqlo.com/UQ/ST3/AsianCommon/imagesgoods/457111/item/goods_00_457111_3x4.jpg?width=294,PEACE FOR ALL Haruki Murakami Áo Thun Ngắn Tay,https://www.uniqlo.com/vn/vi/products/E457111-000
E483535-000,t-shirts-sweat-and-fleece,Áo Thun Mini | Kẻ Sọc,293.000,https://image.uniqlo.com/UQ/ST3/vn/imagesgoods/483535/item/vngoods_01_483535_3x4.jpg?width=294,Áo Thun Mini | Kẻ Sọc,https://www.uniqlo.com/vn/vi/products/E483535-000
E484461-000,t-shirts-sweat-and-fleece,UT Disney Áo Thun,391.000,https://image.uniqlo.com/UQ/ST3/vn/imagesgoods/484461/item/vngoods_68_484461_3x4.jpg?width=294,UT Disney Áo Thun,https://www.uniqlo.com/vn/vi/products/E484461-000
E484460-000,t-shirts-sweat-and-fleece,UT Disney Áo Thun,391.000,https://image.uniqlo.com/UQ/ST3/vn/imagesgoods/484460/item/vngoods_02_484460_3x4.jpg?width=294,UT Disney Áo Thun,https://www.uniqlo.com/vn/vi/products/E484460-000
E484459-000,t-shirts-sweat-and-fleece,UT Disney Áo Thun,391.000,https://image.uniqlo.com/UQ/ST3/vn/imagesgoods/484459/item/vngoods_40_484459_3x4.jpg?width=294,UT Disney Áo Thun,https://www.uniqlo.com/vn/vi/products/E484459-000
E483252-000,t-shirts-sweat-and-fleece,UT Disney Áo Thun,391.000,https://image.uniqlo.com/UQ/ST3/vn/imagesgoods/483252/item/vngoods_00_483252_3x4.jpg?width=294,UT Disney Áo Thun,https://www.uniqlo.com/vn/vi/products/E483252-000
E485347-000,t-shirts-sweat-and-fleece,UT miffy in bloom Áo Thun,391.000,https://image.uniqlo.com/UQ/ST3/vn/imagesgoods/485347/item/vngoods_07_485347_3x4.jpg?width=294,UT miffy in bloom Áo Thun,https://www.uniqlo.com/vn/vi/products/E485347-000
E484502-000,t-shirts-sweat-and-fleece,UT miffy in bloom Áo Thun,391.000,https://image.uniqlo.com/UQ/ST3/vn/imagesgoods/484502/item/vngoods_10_484502_3x4.jpg?width=294,UT miffy in bloom Áo Thun,https://www.uniqlo.com/vn/vi/products/E484502-000
E484501-000,t-shirts-sweat-and-fleece,UT miffy in bloom Áo Thun,391.000,https://image.uniqlo.com/UQ/ST3/vn/imagesgoods/484501/item/vngoods_01_484501_3x4.jpg?width=294,UT miffy in bloom Áo Thun,https://www.uniqlo.com/vn/vi/products/E484501-000
E484499-000,t-shirts-sweat-and-fleece,UT miffy in bloom Áo Thun,391.000,https://image.uniqlo.com/UQ/ST3/vn/imagesgoods/484499/item/vngoods_50_484499_3x4.jpg?width=294,UT miffy in bloom Áo Thun,https://www.uniqlo.com/vn/vi/products/E484499-000
E484121-000,t-shirts-sweat-and-fleece,UT miffy in bloom Áo Thun,391.000,https://image.uniqlo.com/UQ/ST3/vn/imagesgoods/484121/item/vngoods_00_484121_3x4.jpg?width=294,UT miffy in bloom Áo Thun,https://www.uniqlo.com/vn/vi/products/E484121-000
E484771-000,t-shirts-sweat-and-fleece,UT MAGIC FOR ALL TIMELESS Áo Thun,391.000,https://image.uniqlo.com/UQ/ST3/vn/imagesgoods/484771/item/vngoods_60_484771_3x4.jpg?width=294,UT MAGIC FOR ALL TIMELESS Áo Thun,https://www.uniqlo.com/vn/vi/products/E484771-000
E484770-000,t-shirts-sweat-and-fleece,UT MAGIC FOR ALL TIMELESS Áo Thun,391.000,https://image.uniqlo.com/UQ/ST3/vn/imagesgoods/484770/item/vngoods_70_484770_3x4.jpg?width=294,UT MAGIC FOR ALL TIMELESS Áo Thun,https://www.uniqlo.com/vn/vi/products/E484770-000
E484476-000,t-shirts-sweat-and-fleece,UT PEANUT Áo Thun,391.000,https://image.uniqlo.com/UQ/ST3/vn/imagesgoods/484476/item/vngoods_03_484476_3x4.jpg?width=294,UT PEANUT Áo Thun,https://www.uniqlo.com/vn/vi/products/E484476-000
E484475-000,t-shirts-sweat-and-fleece,UT PEANUT Áo Thun,391.000,https://image.uniqlo.com/UQ/ST3/vn/imagesgoods/484475/item/vngoods_01_484475_3x4.jpg?width=294,UT PEANUT Áo Thun,https://www.uniqlo.com/vn/vi/products/E484475-000
E484474-000,t-shirts-sweat-and-fleece,UT PEANUTS Áo Thun,391.000,https://image.uniqlo.com/UQ/ST3/vn/imagesgoods/484474/item/vngoods_58_484474_3x4.jpg?width=294,UT PEANUTS Áo Thun,https://www.uniqlo.com/vn/vi/products/E484474-000
E484473-000,t-shirts-sweat-and-fleece,UT PEANUT Áo Thun,391.000,https://image.uniqlo.com/UQ/ST3/vn/imagesgoods/484473/item/vngoods_01_484473_3x4.jpg?width=294,UT PEANUT Áo Thun,https://www.uniqlo.com/vn/vi/products/E484473-000
E484472-000,t-shirts-sweat-and-fleece,UT PEANUT Áo Thun,391.000,https://image.uniqlo.com/UQ/ST3/vn/imagesgoods/484472/item/vngoods_69_484472_3x4.jpg?width=294,UT PEANUT Áo Thun,https://www.uniqlo.com/vn/vi/products/E484472-000
E483258-000,t-shirts-sweat-and-fleece,UT PEANUT Áo Thun,391.000,https://image.uniqlo.com/UQ/ST3/vn/imagesgoods/483258/item/vngoods_00_483258_3x4.jpg?width=294,UT PEANUT Áo Thun,https://www.uniqlo.com/vn/vi/products/E483258-000
E482974-000,sweaters-and-knitwear,Áo Len Dệt 3D Vải Cotton Cổ Tròn,686.000,https://image.uniqlo.com/UQ/ST3/vn/imagesgoods/482974/item/vngoods_01_482974_3x4.jpg?width=294,Áo Len Dệt 3D Vải Cotton Cổ Tròn,https://www.uniqlo.com/vn/vi/products/E482974-000
E480290-000,sweaters-and-knitwear,Áo Polo Vải Len Dệt 3D,588.000,https://image.uniqlo.com/UQ/ST3/vn/imagesgoods/480290/item/vngoods_54_480290_3x4.jpg?width=294,Áo Polo Vải Len Dệt 3D,https://www.uniqlo.com/vn/vi/products/E480290-000
E479672-000,sweaters-and-knitwear,Áo Cardigan Len Cashmere Cổ Tròn,1.962.000,https://image.uniqlo.com/UQ/ST3/vn/imagesgoods/479672/item/vngoods_12_479672_3x4.jpg?width=294,Áo Cardigan Len Cashmere Cổ Tròn,https://www.uniqlo.com/vn/vi/products/E479672-000
E465734-000,sweaters-and-knitwear,Áo Len Cashmere Cổ Tròn,1.962.000,https://image.uniqlo.com/UQ/ST3/vn/imagesgoods/465734/item/vngoods_53_465734_3x4.jpg?width=294,Áo Len Cashmere Cổ Tròn,https://www.uniqlo.com/vn/vi/products/E465734-000
E485272-000,sweaters-and-knitwear,KAWS WINTER Áo Len Cashmere Cổ Tròn,2.453.000,https://image.uniqlo.com/UQ/ST3/vn/imagesgoods/485272/item/vngoods_03_485272_3x4.jpg?width=294,KAWS WINTER Áo Len Cashmere Cổ Tròn,https://www.uniqlo.com/vn/vi/products/E485272-000
E476256-000,sweaters-and-knitwear,Áo Len Polo,588.000,https://image.uniqlo.com/UQ/ST3/AsianCommon/imagesgoods/476256/item/goods_16_476256_3x4.jpg?width=294,Áo Len Polo,https://www.uniqlo.com/vn/vi/products/E476256-000
E481531-000,sweaters-and-knitwear,Áo Cardigan Len Sợi Souffle Nhẹ Dáng Ngắn,686.000,https://image.uniqlo.com/UQ/ST3/vn/imagesgoods/481531/item/vngoods_73_481531_3x4.jpg?width=294,Áo Cardigan Len Sợi Souffle Nhẹ Dáng Ngắn,https://www.uniqlo.com/vn/vi/products/E481531-000
E480490-000,sweaters-and-knitwear,Áo Cardigan Len Sợi Souffle Kéo Khóa,686.000,https://image.uniqlo.com/UQ/ST3/vn/imagesgoods/480490/item/vngoods_69_480490_3x4.jpg?width=294,Áo Cardigan Len Sợi Souffle Kéo Khóa,https://www.uniqlo.com/vn/vi/products/E480490-000
E479157-000,sweaters-and-knitwear,Áo Len Sợi Souffle Cổ Tròn,686.000,https://image.uniqlo.com/UQ/ST3/vn/imagesgoods/479157/item/vngoods_19_479157_3x4.jpg?width=294,Áo Len Sợi Souffle Cổ Tròn,https://www.uniqlo.com/vn/vi/products/E479157-000
E481408-000,sweaters-and-knitwear,Áo Cardigan Vải Merino Gân Dáng Ngắn | Kẻ Sọc,686.000,https://image.uniqlo.com/UQ/ST3/vn/imagesgoods/481408/item/vngoods_69_481408_3x4.jpg?width=294,Áo Cardigan Vải Merino Gân Dáng Ngắn | Kẻ Sọc,https://www.uniqlo.com/vn/vi/products/E481408-000
E478336-000,sweaters-and-knitwear,Áo Cardigan Vải Merino Gân Dáng Ngắn,686.000,https://image.uniqlo.com/UQ/ST3/vn/imagesgoods/478336/item/vngoods_07_478336_3x4.jpg?width=294,Áo Cardigan Vải Merino Gân Dáng Ngắn,https://www.uniqlo.com/vn/vi/products/E478336-000
E469411-000,sweaters-and-knitwear,Áo Cardigan Len Merino Cổ Tròn,686.000,https://image.uniqlo.com/UQ/ST3/vn/imagesgoods/469411/item/vngoods_05_469411_3x4.jpg?width=294,Áo Cardigan Len Merino Cổ Tròn,https://www.uniqlo.com/vn/vi/products/E469411-000
E481596-000,sweaters-and-knitwear,Áo Polo Len Cotton Mềm | Kẻ Sọc,784.000,https://image.uniqlo.com/UQ/ST3/vn/imagesgoods/481596/item/vngoods_40_481596_3x4.jpg?width=294,Áo Polo Len Cotton Mềm | Kẻ Sọc,https://www.uniqlo.com/vn/vi/products/E481596-000
E481595-000,sweaters-and-knitwear,Áo Polo Len Cotton Mềm,784.000,https://image.uniqlo.com/UQ/ST3/vn/imagesgoods/481595/item/vngoods_01_481595_3x4.jpg?width=294,Áo Polo Len Cotton Mềm,https://www.uniqlo.com/vn/vi/products/E481595-000
E480414-000,sweaters-and-knitwear,Áo Polo Dệt Kim Vải Gân Có Thể Giặt Máy,588.000,https://image.uniqlo.com/UQ/ST3/vn/imagesgoods/480414/item/vngoods_35_480414_3x4.jpg?width=294,Áo Polo Dệt Kim Vải Gân Có Thể Giặt Máy,https://www.uniqlo.com/vn/vi/products/E480414-000
E481477-000,sweaters-and-knitwear,Áo Cardigan Len Vặn Thừng Cổ Tròn,686.000,https://image.uniqlo.com/UQ/ST3/vn/imagesgoods/481477/item/vngoods_16_481477_3x4.jpg?width=294,Áo Cardigan Len Vặn Thừng Cổ Tròn,https://www.uniqlo.com/vn/vi/products/E481477-000
E476975-000,sweaters-and-knitwear,Áo Cardigan Chống Tia UV Cổ Tròn | Kẻ Sọc,588.000,https://image.uniqlo.com/UQ/ST3/vn/imagesgoods/476975/item/vngoods_00_476975_3x4.jpg?width=294,Áo Cardigan Chống Tia UV Cổ Tròn | Kẻ Sọc,https://www.uniqlo.com/vn/vi/products/E476975-000
E474982-000,sweaters-and-knitwear,Áo Cardigan Chống Tia UV Cổ Tròn,588.000,https://image.uniqlo.com/UQ/ST3/vn/imagesgoods/474982/item/vngoods_16_474982_3x4.jpg?width=294,Áo Cardigan Chống Tia UV Cổ Tròn,https://www.uniqlo.com/vn/vi/products/E474982-000
E465484-000,sweaters-and-knitwear,Áo Cardigan Chống Tia UV Cổ Tròn,588.000,https://image.uniqlo.com/UQ/ST3/vn/imagesgoods/465484/item/vngoods_60_465484_3x4.jpg?width=294,Áo Cardigan Chống Tia UV Cổ Tròn,https://www.uniqlo.com/vn/vi/products/E465484-000
E478870-000,sweaters-and-knitwear,Áo Cardigan Dệt Kim Vải Gân Có Thể Giặt Máy,588.000,https://image.uniqlo.com/UQ/ST3/vn/imagesgoods/478870/item/vngoods_30_478870_3x4.jpg?width=294,Áo Cardigan Dệt Kim Vải Gân Có Thể Giặt Máy,https://www.uniqlo.com/vn/vi/products/E478870-000
E475053-000,sweaters-and-knitwear,Áo Len Vải Cotton Mềm,686.000,https://image.uniqlo.com/UQ/ST3/vn/imagesgoods/475053/item/vngoods_10_475053_3x4.jpg?width=294,Áo Len Vải Cotton Mềm,https://www.uniqlo.com/vn/vi/products/E475053-000
E479163-000,sweaters-and-knitwear,Áo Polo Vải Len Pha,784.000,https://image.uniqlo.com/UQ/ST3/vn/imagesgoods/479163/item/vngoods_02_479163_3x4.jpg?width=294,Áo Polo Vải Len Pha,https://www.uniqlo.com/vn/vi/products/E479163-000
E478730-000,sweaters-and-knitwear,Đầm Len Sợi Souffle,784.000,https://image.uniqlo.com/UQ/ST3/vn/imagesgoods/478730/item/vngoods_68_478730_3x4.jpg?width=294,Đầm Len Sợi Souffle,https://www.uniqlo.com/vn/vi/products/E478730-000
E478333-000,sweaters-and-knitwear,Áo Polo Len Vải Merino,686.000,https://image.uniqlo.com/UQ/ST3/vn/imagesgoods/478333/item/vngoods_30_478333_3x4.jpg?width=294,Áo Polo Len Vải Merino,https://www.uniqlo.com/vn/vi/products/E478333-000
E469410-000,sweaters-and-knitwear,Áo Len Merino Cổ Tròn,686.000,https://image.uniqlo.com/UQ/ST3/vn/imagesgoods/469410/item/vngoods_36_469410_3x4.jpg?width=294,Áo Len Merino Cổ Tròn,https://www.uniqlo.com/vn/vi/products/E469410-000
E450514-000,sweaters-and-knitwear,Extra Fine Merino Áo Len Cổ Lọ,686.000,https://image.uniqlo.com/UQ/ST3/vn/imagesgoods/450514/item/vngoods_68_450514_3x4.jpg?width=294,Extra Fine Merino Áo Len Cổ Lọ,https://www.uniqlo.com/vn/vi/products/E450514-000
E481681-000,sweaters-and-knitwear,Áo Cardigan Cổ V Dáng Relax,686.000,https://image.uniqlo.com/UQ/ST3/vn/imagesgoods/481681/item/vngoods_01_481681_3x4.jpg?width=294,Áo Cardigan Cổ V Dáng Relax,https://www.uniqlo.com/vn/vi/products/E481681-000
E484505-000,sweaters-and-knitwear,Áo Cardigan Chống Tia UV Cổ Tròn,588.000,https://image.uniqlo.com/UQ/ST3/vn/imagesgoods/484505/item/vngoods_69_484505_3x4.jpg?width=294,Áo Cardigan Chống Tia UV Cổ Tròn,https://www.uniqlo.com/vn/vi/products/E484505-000
E479616-000,sweaters-and-knitwear,Áo Cardigan Giả Lông Cừu Lót Lông | Dáng Relax,784.000,https://image.uniqlo.com/UQ/ST3/vn/imagesgoods/479616/item/vngoods_01_479616_3x4.jpg?width=294,Áo Cardigan Giả Lông Cừu Lót Lông | Dáng Relax,https://www.uniqlo.com/vn/vi/products/E479616-000
E482645-000,sweaters-and-knitwear,Áo Len Dày Cổ Tròn Họa Tiết Argyle,686.000,https://image.uniqlo.com/UQ/ST3/vn/imagesgoods/482645/item/vngoods_03_482645_3x4.jpg?width=294,Áo Len Dày Cổ Tròn Họa Tiết Argyle,https://www.uniqlo.com/vn/vi/products/E482645-000
E479233-000,sweaters-and-knitwear,Áo Len Giả Lông Cừu | Fairisle,686.000,https://image.uniqlo.com/UQ/ST3/vn/imagesgoods/479233/item/vngoods_01_479233_3x4.jpg?width=294,Áo Len Giả Lông Cừu | Fairisle,https://www.uniqlo.com/vn/vi/products/E479233-000
E479231-000,sweaters-and-knitwear,Áo Len Giả Lông Cừu | Cổ V,686.000,https://image.uniqlo.com/UQ/ST3/vn/imagesgoods/479231/item/vngoods_01_479231_3x4.jpg?width=294,Áo Len Giả Lông Cừu | Cổ V,https://www.uniqlo.com/vn/vi/products/E479231-000
E480636-000,sweaters-and-knitwear,Đầm Bra Kiểu Có Thể Giặt Máy | Không Tay,784.000,https://image.uniqlo.com/UQ/ST3/vn/imagesgoods/480636/item/vngoods_34_480636_3x4.jpg?width=294,Đầm Bra Kiểu Có Thể Giặt Máy | Không Tay,https://www.uniqlo.com/vn/vi/products/E480636-000
E479235-000,sweaters-and-knitwear,Áo Len Sợi Souffle Cổ Tròn,686.000,https://image.uniqlo.com/UQ/ST3/vn/imagesgoods/479235/item/vngoods_01_479235_3x4.jpg?width=294,Áo Len Sợi Souffle Cổ Tròn,https://www.uniqlo.com/vn/vi/products/E479235-000
E478848-000,sweaters-and-knitwear,Quần Len Vặn Thừng Có Thể Giặt Máy,489.000,https://image.uniqlo.com/UQ/ST3/vn/imagesgoods/478848/item/vngoods_33_478848_3x4.jpg?width=294,Quần Len Vặn Thừng Có Thể Giặt Máy,https://www.uniqlo.com/vn/vi/products/E478848-000
E470173-000,sweaters-and-knitwear,Quần Dệt Kim Vải Gân Có Thể Giặt Máy,588.000,https://image.uniqlo.com/UQ/ST3/vn/imagesgoods/470173/item/vngoods_09_470173_3x4.jpg?width=294,Quần Dệt Kim Vải Gân Có Thể Giặt Máy,https://www.uniqlo.com/vn/vi/products/E470173-000
E460940-000,sweaters-and-knitwear,Áo Len Lông Cừu Cổ Tròn,686.000,https://image.uniqlo.com/UQ/ST3/vn/imagesgoods/460940/item/vngoods_68_460940_3x4.jpg?width=294,Áo Len Lông Cừu Cổ Tròn,https://www.uniqlo.com/vn/vi/products/E460940-000
E453754-000,sweaters-and-knitwear,Áo Len Milano Vải Gân Có Thể Giặt Máy,686.000,https://image.uniqlo.com/UQ/ST3/AsianCommon/imagesgoods/453754/item/goods_18_453754_3x4.jpg?width=294,Áo Len Milano Vải Gân Có Thể Giặt Máy,https://www.uniqlo.com/vn/vi/products/E453754-000
E484504-000,sweaters-and-knitwear,Áo Len Dệt 3D Vải Cotton Cổ Tròn | Kẻ Sọc,686.000,https://image.uniqlo.com/UQ/ST3/vn/imagesgoods/484504/item/vngoods_01_484504_3x4.jpg?width=294,Áo Len Dệt 3D Vải Cotton Cổ Tròn | Kẻ Sọc,https://www.uniqlo.com/vn/vi/products/E484504-000
E483919-000,sweaters-and-knitwear,Áo Polo Dệt Kim Vải Gân Có Thể Giặt Máy | Kẻ Sọc,588.000,https://image.uniqlo.com/UQ/ST3/vn/imagesgoods/483919/item/vngoods_03_483919_3x4.jpg?width=294,Áo Polo Dệt Kim Vải Gân Có Thể Giặt Máy | Kẻ Sọc,https://www.uniqlo.com/vn/vi/products/E483919-000
E484929-000,shirts-and-blouses,Áo Sơ Mi Oxford Dáng Boxy| Caro,588.000,https://image.uniqlo.com/UQ/ST3/vn/imagesgoods/484929/item/vngoods_43_484929_3x4.jpg?width=294,Áo Sơ Mi Oxford Dáng Boxy| Caro,https://www.uniqlo.com/vn/vi/products/E484929-000
E484928-000,shirts-and-blouses,Áo Sơ Mi Oxford Dáng Boxy,588.000,https://image.uniqlo.com/UQ/ST3/vn/imagesgoods/484928/item/vngoods_50_484928_3x4.jpg?width=294,Áo Sơ Mi Oxford Dáng Boxy,https://www.uniqlo.com/vn/vi/products/E484928-000
E480075-000,shirts-and-blouses,Áo Sơ Mi Dáng Rũ,784.000,https://image.uniqlo.com/UQ/ST3/vn/imagesgoods/480075/item/vngoods_02_480075_3x4.jpg?width=294,Áo Sơ Mi Dáng Rũ,https://www.uniqlo.com/vn/vi/products/E480075-000
E479072-000,shirts-and-blouses,Áo Kiểu Vải Rayon | Kẻ Sọc,588.000,https://image.uniqlo.com/UQ/ST3/vn/imagesgoods/479072/item/vngoods_04_479072_3x4.jpg?width=294,Áo Kiểu Vải Rayon | Kẻ Sọc,https://www.uniqlo.com/vn/vi/products/E479072-000
E479071-000,shirts-and-blouses,Áo Kiểu Vải Rayon,588.000,https://image.uniqlo.com/UQ/ST3/vn/imagesgoods/479071/item/vngoods_07_479071_3x4.jpg?width=294,Áo Kiểu Vải Rayon,https://www.uniqlo.com/vn/vi/products/E479071-000
E475648-000,shirts-and-blouses,Áo Sơ Mi Vải Linen Cao Cấp | Kẻ Sọc,784.000,https://image.uniqlo.com/UQ/ST3/AsianCommon/imagesgoods/475648/item/goods_61_475648_3x4.jpg?width=294,Áo Sơ Mi Vải Linen Cao Cấp | Kẻ Sọc,https://www.uniqlo.com/vn/vi/products/E475648-000
E475647-000,shirts-and-blouses,Áo Sơ Mi Vải Linen Cao Cấp,784.000,https://image.uniqlo.com/UQ/ST3/AsianCommon/imagesgoods/475647/item/goods_53_475647_3x4.jpg?width=294,Áo Sơ Mi Vải Linen Cao Cấp,https://www.uniqlo.com/vn/vi/products/E475647-000
E483601-000,shirts-and-blouses,Áo Sơ Mi Oxford Dáng Boxy | Kẻ Sọc,588.000,https://image.uniqlo.com/UQ/ST3/vn/imagesgoods/483601/item/vngoods_11_483601_3x4.jpg?width=294,Áo Sơ Mi Oxford Dáng Boxy | Kẻ Sọc,https://www.uniqlo.com/vn/vi/products/E483601-000
E480074-000,shirts-and-blouses,Áo Sơ Mi Vải Cotton,784.000,https://image.uniqlo.com/UQ/ST3/vn/imagesgoods/480074/item/vngoods_67_480074_3x4.jpg?width=294,Áo Sơ Mi Vải Cotton,https://www.uniqlo.com/vn/vi/products/E480074-000
E479975-000,shirts-and-blouses,Áo Sơ Mi Oxford Dáng Boxy | Kẻ Sọc,588.000,https://image.uniqlo.com/UQ/ST3/vn/imagesgoods/479975/item/vngoods_61_479975_3x4.jpg?width=294,Áo Sơ Mi Oxford Dáng Boxy | Kẻ Sọc,https://www.uniqlo.com/vn/vi/products/E479975-000
E479079-000,shirts-and-blouses,Áo Sơ Mi Vải Cotton | Kẻ Sọc,588.000,https://image.uniqlo.com/UQ/ST3/vn/imagesgoods/479079/item/vngoods_10_479079_3x4.jpg?width=294,Áo Sơ Mi Vải Cotton | Kẻ Sọc,https://www.uniqlo.com/vn/vi/products/E479079-000
E479078-000,shirts-and-blouses,Áo Sơ Mi Vải Cotton,588.000,https://image.uniqlo.com/UQ/ST3/vn/imagesgoods/479078/item/vngoods_62_479078_3x4.jpg?width=294,Áo Sơ Mi Vải Cotton,https://www.uniqlo.com/vn/vi/products/E479078-000
E475718-000,shirts-and-blouses,Áo Sơ Mi Oxford Dáng Boxy,588.000,https://image.uniqlo.com/UQ/ST3/vn/imagesgoods/475718/item/vngoods_64_475718_3x4.jpg?width=294,Áo Sơ Mi Oxford Dáng Boxy,https://www.uniqlo.com/vn/vi/products/E475718-000
E480485-000,shirts-and-blouses,Áo Sơ Mi Vải Cotton Dáng Cocoon,588.000,https://image.uniqlo.com/UQ/ST3/vn/imagesgoods/480485/item/vngoods_01_480485_3x4.jpg?width=294,Áo Sơ Mi Vải Cotton Dáng Cocoon,https://www.uniqlo.com/vn/vi/products/E480485-000
E479678-000,shirts-and-blouses,Áo Sơ Mi Vải Cotton Dáng Cocoon | Kẻ Sọc,588.000,https://image.uniqlo.com/UQ/ST3/vn/imagesgoods/479678/item/vngoods_63_479678_3x4.jpg?width=294,Áo Sơ Mi Vải Cotton Dáng Cocoon | Kẻ Sọc,https://www.uniqlo.com/vn/vi/products/E479678-000
E481429-000,shirts-and-blouses,Áo Khoác Vải Cotton Cổ Trụ,784.000,https://image.uniqlo.com/UQ/ST3/vn/imagesgoods/481429/item/vngoods_31_481429_3x4.jpg?width=294,Áo Khoác Vải Cotton Cổ Trụ,https://www.uniqlo.com/vn/vi/products/E481429-000
E480832-000,shirts-and-blouses,Áo Sơ Mi Vải Dạ Dáng Boxy,588.000,https://image.uniqlo.com/UQ/ST3/vn/imagesgoods/480832/item/vngoods_38_480832_3x4.jpg?width=294,Áo Sơ Mi Vải Dạ Dáng Boxy,https://www.uniqlo.com/vn/vi/products/E480832-000
E479085-000,shirts-and-blouses,Áo Sơ Mi Vải Dạ Dáng Boxy | Caro,588.000,https://image.uniqlo.com/UQ/ST3/vn/imagesgoods/479085/item/vngoods_01_479085_3x4.jpg?width=294,Áo Sơ Mi Vải Dạ Dáng Boxy | Caro,https://www.uniqlo.com/vn/vi/products/E479085-000
E479074-000,shirts-and-blouses,Áo Kiểu Vải Rayon Cổ Mở | Tay Lửng 3/4,588.000,https://image.uniqlo.com/UQ/ST3/vn/imagesgoods/479074/item/vngoods_01_479074_3x4.jpg?width=294,Áo Kiểu Vải Rayon Cổ Mở | Tay Lửng 3/4,https://www.uniqlo.com/vn/vi/products/E479074-000
E479073-000,shirts-and-blouses,Áo Kiểu Vải Rayon Cổ Mở | Tay Lửng 3/4,588.000,https://image.uniqlo.com/UQ/ST3/vn/imagesgoods/479073/item/vngoods_08_479073_3x4.jpg?width=294,Áo Kiểu Vải Rayon Cổ Mở | Tay Lửng 3/4,https://www.uniqlo.com/vn/vi/products/E479073-000
E479096-000,shirts-and-blouses,Áo Sơ Mi Dáng Boxy Vải Nylon Dáng Ngắn | Tay Lỡ,588.000,https://image.uniqlo.com/UQ/ST3/vn/imagesgoods/479096/item/vngoods_01_479096_3x4.jpg?width=294,Áo Sơ Mi Dáng Boxy Vải Nylon Dáng Ngắn | Tay Lỡ,https://www.uniqlo.com/vn/vi/products/E479096-000
E482823-000,shirts-and-blouses,Áo Kiểu Vải Rayon | Kẻ Sọc,588.000,https://image.uniqlo.com/UQ/ST3/vn/imagesgoods/482823/item/vngoods_01_482823_3x4.jpg?width=294,Áo Kiểu Vải Rayon | Kẻ Sọc,https://www.uniqlo.com/vn/vi/products/E482823-000
E483600-000,shirts-and-blouses,Áo Sơ Mi Vải Pha Linen Cổ Mở | Kẻ Sọc,588.000,https://image.uniqlo.com/UQ/ST3/vn/imagesgoods/483600/item/vngoods_01_483600_3x4.jpg?width=294,Áo Sơ Mi Vải Pha Linen Cổ Mở | Kẻ Sọc,https://www.uniqlo.com/vn/vi/products/E483600-000
E481227-000,shirts-and-blouses,Áo Sơ Mi Vải Dạ | Caro,588.000,https://image.uniqlo.com/UQ/ST3/vn/imagesgoods/481227/item/vngoods_17_481227_3x4.jpg?width=294,Áo Sơ Mi Vải Dạ | Caro,https://www.uniqlo.com/vn/vi/products/E481227-000
E481225-000,shirts-and-blouses,Áo Sơ Mi Vải Dạ | Caro,588.000,https://image.uniqlo.com/UQ/ST3/vn/imagesgoods/481225/item/vngoods_30_481225_3x4.jpg?width=294,Áo Sơ Mi Vải Dạ | Caro,https://www.uniqlo.com/vn/vi/products/E481225-000
E481224-000,shirts-and-blouses,Áo Sơ Mi Vải Dạ | Caro,588.000,https://image.uniqlo.com/UQ/ST3/vn/imagesgoods/481224/item/vngoods_16_481224_3x4.jpg?width=294,Áo Sơ Mi Vải Dạ | Caro,https://www.uniqlo.com/vn/vi/products/E481224-000
E480773-000,shirts-and-blouses,Áo Sơ Mi Vải Dạ | Heather,588.000,https://image.uniqlo.com/UQ/ST3/vn/imagesgoods/480773/item/vngoods_05_480773_3x4.jpg?width=294,Áo Sơ Mi Vải Dạ | Heather,https://www.uniqlo.com/vn/vi/products/E480773-000
E480771-000,shirts-and-blouses,Áo Sơ Mi Vải Dạ | Caro,588.000,https://image.uniqlo.com/UQ/ST3/vn/imagesgoods/480771/item/vngoods_64_480771_3x4.jpg?width=294,Áo Sơ Mi Vải Dạ | Caro,https://www.uniqlo.com/vn/vi/products/E480771-000
E480770-000,shirts-and-blouses,Áo Sơ Mi Vải Dạ | Caro,588.000,https://image.uniqlo.com/UQ/ST3/vn/imagesgoods/480770/item/vngoods_45_480770_3x4.jpg?width=294,Áo Sơ Mi Vải Dạ | Caro,https://www.uniqlo.com/vn/vi/products/E480770-000
E480769-000,shirts-and-blouses,Áo Sơ Mi Vải Dạ | Caro,588.000,https://image.uniqlo.com/UQ/ST3/vn/imagesgoods/480769/item/vngoods_58_480769_3x4.jpg?width=294,Áo Sơ Mi Vải Dạ | Caro,https://www.uniqlo.com/vn/vi/products/E480769-000
E480768-000,shirts-and-blouses,Áo Sơ Mi Vải Dạ | Caro,588.000,https://image.uniqlo.com/UQ/ST3/vn/imagesgoods/480768/item/vngoods_09_480768_3x4.jpg?width=294,Áo Sơ Mi Vải Dạ | Caro,https://www.uniqlo.com/vn/vi/products/E480768-000
E480767-000,shirts-and-blouses,Áo Sơ Mi Vải Dạ | Caro,588.000,https://image.uniqlo.com/UQ/ST3/vn/imagesgoods/480767/item/vngoods_47_480767_3x4.jpg?width=294,Áo Sơ Mi Vải Dạ | Caro,https://www.uniqlo.com/vn/vi/products/E480767-000
E480764-000,shirts-and-blouses,Áo Sơ Mi Vải Broadcloth | Hairline,588.000,https://image.uniqlo.com/UQ/ST3/vn/imagesgoods/480764/item/vngoods_65_480764_3x4.jpg?width=294,Áo Sơ Mi Vải Broadcloth | Hairline,https://www.uniqlo.com/vn/vi/products/E480764-000
E480651-000,shirts-and-blouses,Áo Sơ Mi Vải Broadcloth | Caro,588.000,https://image.uniqlo.com/UQ/ST3/vn/imagesgoods/480651/item/vngoods_08_480651_3x4.jpg?width=294,Áo Sơ Mi Vải Broadcloth | Caro,https://www.uniqlo.com/vn/vi/products/E480651-000
E470187-000,shirts-and-blouses,Áo Sơ Mi Vải Dạ | Caro,588.000,https://image.uniqlo.com/UQ/ST3/vn/imagesgoods/470187/item/vngoods_15_470187_3x4.jpg?width=294,Áo Sơ Mi Vải Dạ | Caro,https://www.uniqlo.com/vn/vi/products/E470187-000
E470182-000,shirts-and-blouses,Áo Sơ Mi Vải Dạ,588.000,https://image.uniqlo.com/UQ/ST3/vn/imagesgoods/470182/item/vngoods_59_470182_3x4.jpg?width=294,Áo Sơ Mi Vải Dạ,https://www.uniqlo.com/vn/vi/products/E470182-000
E456630-000,shirts-and-blouses,Áo Sơ Mi Oxford Dáng Ôm Dài Tay,588.000,https://image.uniqlo.com/UQ/ST3/vn/imagesgoods/456630/item/vngoods_64_456630_3x4.jpg?width=294,Áo Sơ Mi Oxford Dáng Ôm Dài Tay,https://www.uniqlo.com/vn/vi/products/E456630-000
E453151-000,shirts-and-blouses,Áo Sơ Mi Broadcloth | Button Down | Caro,588.000,https://image.uniqlo.com/UQ/ST3/vn/imagesgoods/453151/item/vngoods_18_453151_3x4.jpg?width=294,Áo Sơ Mi Broadcloth | Button Down | Caro,https://www.uniqlo.com/vn/vi/products/E453151-000
E453144-000,shirts-and-blouses,Áo Sơ Mi Broadcloth | Button Down | Kẻ Sọc,588.000,https://image.uniqlo.com/UQ/ST3/vn/imagesgoods/453144/item/vngoods_58_453144_3x4.jpg?width=294,Áo Sơ Mi Broadcloth | Button Down | Kẻ Sọc,https://www.uniqlo.com/vn/vi/products/E453144-000
E450260-000,shirts-and-blouses,Áo Sơ Mi Broadcloth | Button Down,588.000,https://image.uniqlo.com/UQ/ST3/vn/imagesgoods/450260/item/vngoods_00_450260_3x4.jpg?width=294,Áo Sơ Mi Broadcloth | Button Down,https://www.uniqlo.com/vn/vi/products/E450260-000
E484197-000,shirts-and-blouses,Áo Polo Vải Washed Cotton,489.000,https://image.uniqlo.com/UQ/ST3/vn/imagesgoods/484197/item/vngoods_16_484197_3x4.jpg?width=294,Áo Polo Vải Washed Cotton,https://www.uniqlo.com/vn/vi/products/E484197-000
E484069-000,shirts-and-blouses,Áo Polo Mini,391.000,https://image.uniqlo.com/UQ/ST3/vn/imagesgoods/484069/item/vngoods_00_484069_3x4.jpg?width=294,Áo Polo Mini,https://www.uniqlo.com/vn/vi/products/E484069-000
E483597-000,shirts-and-blouses,Áo Polo Vải Washed Cotton,489.000,https://image.uniqlo.com/UQ/ST3/vn/imagesgoods/483597/item/vngoods_59_483597_3x4.jpg?width=294,Áo Polo Vải Washed Cotton,https://www.uniqlo.com/vn/vi/products/E483597-000
E476068-000,shirts-and-blouses,Áo Polo Mini,391.000,https://image.uniqlo.com/UQ/ST3/vn/imagesgoods/476068/item/vngoods_09_476068_3x4.jpg?width=294,Áo Polo Mini,https://www.uniqlo.com/vn/vi/products/E476068-000
E476256-000,shirts-and-blouses,Áo Len Polo,588.000,https://image.uniqlo.com/UQ/ST3/AsianCommon/imagesgoods/476256/item/goods_16_476256_3x4.jpg?width=294,Áo Len Polo,https://www.uniqlo.com/vn/vi/products/E476256-000
E478333-000,shirts-and-blouses,Áo Polo Len Vải Merino,686.000,https://image.uniqlo.com/UQ/ST3/vn/imagesgoods/478333/item/vngoods_30_478333_3x4.jpg?width=294,Áo Polo Len Vải Merino,https://www.uniqlo.com/vn/vi/products/E478333-000
E481596-000,shirts-and-blouses,Áo Polo Len Cotton Mềm | Kẻ Sọc,784.000,https://image.uniqlo.com/UQ/ST3/vn/imagesgoods/481596/item/vngoods_40_481596_3x4.jpg?width=294,Áo Polo Len Cotton Mềm | Kẻ Sọc,https://www.uniqlo.com/vn/vi/products/E481596-000
E481595-000,shirts-and-blouses,Áo Polo Len Cotton Mềm,784.000,https://image.uniqlo.com/UQ/ST3/vn/imagesgoods/481595/item/vngoods_01_481595_3x4.jpg?width=294,Áo Polo Len Cotton Mềm,https://www.uniqlo.com/vn/vi/products/E481595-000
E480414-000,shirts-and-blouses,Áo Polo Dệt Kim Vải Gân Có Thể Giặt Máy,588.000,https://image.uniqlo.com/UQ/ST3/vn/imagesgoods/480414/item/vngoods_35_480414_3x4.jpg?width=294,Áo Polo Dệt Kim Vải Gân Có Thể Giặt Máy,https://www.uniqlo.com/vn/vi/products/E480414-000
E480290-000,shirts-and-blouses,Áo Polo Vải Len Dệt 3D,588.000,https://image.uniqlo.com/UQ/ST3/vn/imagesgoods/480290/item/vngoods_54_480290_3x4.jpg?width=294,Áo Polo Vải Len Dệt 3D,https://www.uniqlo.com/vn/vi/products/E480290-000
E477678-000,shirts-and-blouses,Áo Polo Vải Dry Pique | Kẻ Sọc,489.000,https://image.uniqlo.com/UQ/ST3/vn/imagesgoods/477678/item/vngoods_61_477678_3x4.jpg?width=294,Áo Polo Vải Dry Pique | Kẻ Sọc,https://www.uniqlo.com/vn/vi/products/E477678-000
E476997-000,shirts-and-blouses,Áo Polo Dệt Kim Có Thể Giặt Máy,588.000,https://image.uniqlo.com/UQ/ST3/vn/imagesgoods/476997/item/vngoods_32_476997_3x4.jpg?width=294,Áo Polo Dệt Kim Có Thể Giặt Máy,https://www.uniqlo.com/vn/vi/products/E476997-000
E476227-000,shirts-and-blouses,Áo Polo Dry Vải Pique,489.000,https://image.uniqlo.com/UQ/ST3/vn/imagesgoods/476227/item/vngoods_00_476227_3x4.jpg?width=294,Áo Polo Dry Vải Pique,https://www.uniqlo.com/vn/vi/products/E476227-000
E475367-001,shirts-and-blouses,AIRism Cotton Áo Polo Vải Pique,588.000,https://image.uniqlo.com/UQ/ST3/vn/imagesgoods/475367001/item/vngoods_57_475367001_3x4.jpg?width=294,AIRism Cotton Áo Polo Vải Pique,https://www.uniqlo.com/vn/vi/products/E475367-001
E475367-000,shirts-and-blouses,AIRism Cotton Áo Polo Vải Pique,588.000,https://image.uniqlo.com/UQ/ST3/vn/imagesgoods/475367/item/vngoods_41_475367_3x4.jpg?width=294,AIRism Cotton Áo Polo Vải Pique,https://www.uniqlo.com/vn/vi/products/E475367-000
E455388-000,shirts-and-blouses,Áo Polo Vải Dry Pique,489.000,https://image.uniqlo.com/UQ/ST3/vn/imagesgoods/455388/item/vngoods_04_455388_3x4.jpg?width=294,Áo Polo Vải Dry Pique,https://www.uniqlo.com/vn/vi/products/E455388-000
E483884-000,shirts-and-blouses,Áo Sơ Mi Vải Pha Linen Cổ Mở | Kẻ Sọc,588.000,https://image.uniqlo.com/UQ/ST3/vn/imagesgoods/483884/item/vngoods_52_483884_3x4.jpg?width=294,Áo Sơ Mi Vải Pha Linen Cổ Mở | Kẻ Sọc,https://www.uniqlo.com/vn/vi/products/E483884-000
E483883-000,shirts-and-blouses,Áo Sơ Mi Vải Pha Linen Cổ Mở,588.000,https://image.uniqlo.com/UQ/ST3/vn/imagesgoods/483883/item/vngoods_01_483883_3x4.jpg?width=294,Áo Sơ Mi Vải Pha Linen Cổ Mở,https://www.uniqlo.com/vn/vi/products/E483883-000
E480338-000,bottoms,Quần Ống Cong,980.000,https://image.uniqlo.com/UQ/ST3/vn/imagesgoods/480338/item/vngoods_63_480338_3x4.jpg?width=294,Quần Ống Cong,https://www.uniqlo.com/vn/vi/products/E480338-000
E474481-000,bottoms,Quần Dài Siêu Co Giãn Dáng Rộng,588.000,https://image.uniqlo.com/UQ/ST3/vn/imagesgoods/474481/item/vngoods_33_474481_3x4.jpg?width=294,Quần Dài Siêu Co Giãn Dáng Rộng,https://www.uniqlo.com/vn/vi/products/E474481-000
E475820-000,bottoms,Quần Dài Gear,784.000,https://image.uniqlo.com/UQ/ST3/vn/imagesgoods/475820/item/vngoods_61_475820_3x4.jpg?width=294,Quần Dài Gear,https://www.uniqlo.com/vn/vi/products/E475820-000
E480740-000,bottoms,Quần Jeans Baggy Ống Cong,980.000,https://image.uniqlo.com/UQ/ST3/vn/imagesgoods/480740/item/vngoods_00_480740_3x4.jpg?width=294,Quần Jeans Baggy Ống Cong,https://www.uniqlo.com/vn/vi/products/E480740-000
E472485-000,bottoms,Quần Jeans Dáng Rộng,980.000,https://image.uniqlo.com/UQ/ST3/vn/imagesgoods/472485/item/vngoods_67_472485_3x4.jpg?width=294,Quần Jeans Dáng Rộng,https://www.uniqlo.com/vn/vi/products/E472485-000
E479292-000,bottoms,Quần Smart Pants Ống Rộng,784.000,https://image.uniqlo.com/UQ/ST3/vn/imagesgoods/479292/item/vngoods_05_479292_3x4.jpg?width=294,Quần Smart Pants Ống Rộng,https://www.uniqlo.com/vn/vi/products/E479292-000
E477333-000,bottoms,Quần Jeans Ống Loe Rộng Dáng Rũ,980.000,https://image.uniqlo.com/UQ/ST3/vn/imagesgoods/477333/item/vngoods_66_477333_3x4.jpg?width=294,Quần Jeans Ống Loe Rộng Dáng Rũ,https://www.uniqlo.com/vn/vi/products/E477333-000
E475344-000,bottoms,Quần Dài Ống Barrel Vải Jersey,784.000,https://image.uniqlo.com/UQ/ST3/vn/imagesgoods/475344/item/vngoods_39_475344_3x4.jpg?width=294,Quần Dài Ống Barrel Vải Jersey,https://www.uniqlo.com/vn/vi/products/E475344-000
E479399-000,bottoms,Quần Culottes Vải Nylon,784.000,https://image.uniqlo.com/UQ/ST3/vn/imagesgoods/479399/item/vngoods_38_479399_3x4.jpg?width=294,Quần Culottes Vải Nylon,https://www.uniqlo.com/vn/vi/products/E479399-000
E480746-000,bottoms,Quần Jeans Dáng Ôm Ống Loe,980.000,https://image.uniqlo.com/UQ/ST3/vn/imagesgoods/480746/item/vngoods_69_480746_3x4.jpg?width=294,Quần Jeans Dáng Ôm Ống Loe,https://www.uniqlo.com/vn/vi/products/E480746-000
E477335-000,bottoms,Quần Jeans Ống Suông,980.000,https://image.uniqlo.com/UQ/ST3/vn/imagesgoods/477335/item/vngoods_54_477335_3x4.jpg?width=294,Quần Jeans Ống Suông,https://www.uniqlo.com/vn/vi/products/E477335-000
E455476-000,bottoms,EZY Quần Jeans Siêu Co Giãn,980.000,https://image.uniqlo.com/UQ/ST3/vn/imagesgoods/455476/item/vngoods_69_455476_3x4.jpg?width=294,EZY Quần Jeans Siêu Co Giãn,https://www.uniqlo.com/vn/vi/products/E455476-000
E471401-000,bottoms,Quần Cotton Dáng Relax Dài Đến Mắt Cá | Denim,489.000,https://image.uniqlo.com/UQ/ST3/vn/imagesgoods/471401/item/vngoods_67_471401_3x4.jpg?width=294,Quần Cotton Dáng Relax Dài Đến Mắt Cá | Denim,https://www.uniqlo.com/vn/vi/products/E471401-000
E466026-000,bottoms,Quần Cotton Dáng Relax Dài Đến Mắt Cá,489.000,https://image.uniqlo.com/UQ/ST3/vn/imagesgoods/466026/item/vngoods_31_466026_3x4.jpg?width=294,Quần Cotton Dáng Relax Dài Đến Mắt Cá,https://www.uniqlo.com/vn/vi/products/E466026-000
E483301-000,bottoms,Quần Dệt Kim Vải Gân Có Thể Giặt Máy,588.000,https://image.uniqlo.com/UQ/ST3/vn/imagesgoods/483301/item/vngoods_36_483301_3x4.jpg?width=294,Quần Dệt Kim Vải Gân Có Thể Giặt Máy,https://www.uniqlo.com/vn/vi/products/E483301-000
E478848-000,bottoms,Quần Len Vặn Thừng Có Thể Giặt Máy,489.000,https://image.uniqlo.com/UQ/ST3/vn/imagesgoods/478848/item/vngoods_33_478848_3x4.jpg?width=294,Quần Len Vặn Thừng Có Thể Giặt Máy,https://www.uniqlo.com/vn/vi/products/E478848-000
E470173-000,bottoms,Quần Dệt Kim Vải Gân Có Thể Giặt Máy,588.000,https://image.uniqlo.com/UQ/ST3/vn/imagesgoods/470173/item/vngoods_09_470173_3x4.jpg?width=294,Quần Dệt Kim Vải Gân Có Thể Giặt Máy,https://www.uniqlo.com/vn/vi/products/E470173-000
E479619-000,bottoms,Quần Nỉ Dry Ống Cong,686.000,https://image.uniqlo.com/UQ/ST3/vn/imagesgoods/479619/item/vngoods_58_479619_3x4.jpg?width=294,Quần Nỉ Dry Ống Cong,https://www.uniqlo.com/vn/vi/products/E479619-000
E455942-000,bottoms,AIRism Quần Jogger Siêu Co Giãn,489.000,https://image.uniqlo.com/UQ/ST3/vn/imagesgoods/455942/item/vngoods_69_455942_3x4.jpg?width=294,AIRism Quần Jogger Siêu Co Giãn,https://www.uniqlo.com/vn/vi/products/E455942-000
E481560-000,bottoms,Quần Easy Vải Pha Linen | Kẻ Sọc,588.000,https://image.uniqlo.com/UQ/ST3/vn/imagesgoods/481560/item/vngoods_55_481560_3x4.jpg?width=294,Quần Easy Vải Pha Linen | Kẻ Sọc,https://www.uniqlo.com/vn/vi/products/E481560-000
E478529-000,bottoms,Quần Easy Vải Pha Linen | Kẻ Sọc,588.000,https://image.uniqlo.com/UQ/ST3/vn/imagesgoods/478529/item/vngoods_69_478529_3x4.jpg?width=294,Quần Easy Vải Pha Linen | Kẻ Sọc,https://www.uniqlo.com/vn/vi/products/E478529-000
E478528-000,bottoms,Quần Easy Vải Pha Linen,588.000,https://image.uniqlo.com/UQ/ST3/vn/imagesgoods/478528/item/vngoods_30_478528_3x4.jpg?width=294,Quần Easy Vải Pha Linen,https://www.uniqlo.com/vn/vi/products/E478528-000
E479382-000,bottoms,Quần Dài Geared,784.000,https://image.uniqlo.com/UQ/ST3/vn/imagesgoods/479382/item/vngoods_31_479382_3x4.jpg?width=294,Quần Dài Geared,https://www.uniqlo.com/vn/vi/products/E479382-000
E479134-000,bottoms,Quần Easy Co Giãn Dài Đến Mắt Cá,588.000,https://image.uniqlo.com/UQ/ST3/vn/imagesgoods/479134/item/vngoods_08_479134_3x4.jpg?width=294,Quần Easy Co Giãn Dài Đến Mắt Cá,https://www.uniqlo.com/vn/vi/products/E479134-000
E461420-000,bottoms,Quần Cotton Dài Đến Mắt Cá | Vải Denim,588.000,https://image.uniqlo.com/UQ/ST3/vn/imagesgoods/461420/item/vngoods_63_461420_3x4.jpg?width=294,Quần Cotton Dài Đến Mắt Cá | Vải Denim,https://www.uniqlo.com/vn/vi/products/E461420-000
E481486-000,bottoms,Quần Dài Vải Dạ | Gingham,489.000,https://image.uniqlo.com/UQ/ST3/vn/imagesgoods/481486/item/vngoods_66_481486_3x4.jpg?width=294,Quần Dài Vải Dạ | Gingham,https://www.uniqlo.com/vn/vi/products/E481486-000
E478861-000,bottoms,Quần Dài Vải Dạ | Caro,489.000,https://image.uniqlo.com/UQ/ST3/vn/imagesgoods/478861/item/vngoods_37_478861_3x4.jpg?width=294,Quần Dài Vải Dạ | Caro,https://www.uniqlo.com/vn/vi/products/E478861-000
E478849-000,bottoms,Quần Dài Vải Dạ,489.000,https://image.uniqlo.com/UQ/ST3/vn/imagesgoods/478849/item/vngoods_02_478849_3x4.jpg?width=294,Quần Dài Vải Dạ,https://www.uniqlo.com/vn/vi/products/E478849-000
E479698-000,bottoms,Quần Culottes,784.000,https://image.uniqlo.com/UQ/ST3/vn/imagesgoods/479698/item/vngoods_08_479698_3x4.jpg?width=294,Quần Culottes,https://www.uniqlo.com/vn/vi/products/E479698-000
E473177-000,bottoms,Quần Easy Túi Hộp Vải Jersey,588.000,https://image.uniqlo.com/UQ/ST3/vn/imagesgoods/473177/item/vngoods_56_473177_3x4.jpg?width=294,Quần Easy Túi Hộp Vải Jersey,https://www.uniqlo.com/vn/vi/products/E473177-000
E451648-000,bottoms,Quần Nỉ,588.000,https://image.uniqlo.com/UQ/ST3/vn/imagesgoods/451648/item/vngoods_05_451648_3x4.jpg?width=294,Quần Nỉ,https://www.uniqlo.com/vn/vi/products/E451648-000
E471809-000,bottoms,Quần Nỉ Dáng Rộng,784.000,https://image.uniqlo.com/UQ/ST3/vn/imagesgoods/471809/item/vngoods_18_471809_3x4.jpg?width=294,Quần Nỉ Dáng Rộng,https://www.uniqlo.com/vn/vi/products/E471809-000
E478858-000,bottoms,Quần Cotton Dáng Relax Dài Đến Mắt Cá,489.000,https://image.uniqlo.com/UQ/ST3/vn/imagesgoods/478858/item/vngoods_33_478858_3x4.jpg?width=294,Quần Cotton Dáng Relax Dài Đến Mắt Cá,https://www.uniqlo.com/vn/vi/products/E478858-000
E479298-000,bottoms,Quần Smart Pants Dài Đến Mắt Cá,784.000,https://image.uniqlo.com/UQ/ST3/vn/imagesgoods/479298/item/vngoods_05_479298_3x4.jpg?width=294,Quần Smart Pants Dài Đến Mắt Cá,https://www.uniqlo.com/vn/vi/products/E479298-000
E461136-000,bottoms,Quần Bầu Smart Pants Dài Đến Mắt Cá,784.000,https://image.uniqlo.com/UQ/ST3/AsianCommon/imagesgoods/461136/item/goods_31_461136_3x4.jpg?width=294,Quần Bầu Smart Pants Dài Đến Mắt Cá,https://www.uniqlo.com/vn/vi/products/E461136-000
E479721-000,bottoms,Quần Smart Pants Ống Loe,784.000,https://image.uniqlo.com/UQ/ST3/vn/imagesgoods/479721/item/vngoods_09_479721_3x4.jpg?width=294,Quần Smart Pants Ống Loe,https://www.uniqlo.com/vn/vi/products/E479721-000
E473698-000,bottoms,Quần Short Vải Linen Cotton,588.000,https://image.uniqlo.com/UQ/ST3/vn/imagesgoods/473698/item/vngoods_31_473698_3x4.jpg?width=294,Quần Short Vải Linen Cotton,https://www.uniqlo.com/vn/vi/products/E473698-000
E473696-000,bottoms,Quần Shorts Vải Linen Cotton,588.000,https://image.uniqlo.com/UQ/ST3/vn/imagesgoods/473696/item/vngoods_31_473696_3x4.jpg?width=294,Quần Shorts Vải Linen Cotton,https://www.uniqlo.com/vn/vi/products/E473696-000
E481142-000,bottoms,Quần Easy Shorts Vải Cotton | Hickory,391.000,https://image.uniqlo.com/UQ/ST3/vn/imagesgoods/481142/item/vngoods_33_481142_3x4.jpg?width=294,Quần Easy Shorts Vải Cotton | Hickory,https://www.uniqlo.com/vn/vi/products/E481142-000
E473761-000,bottoms,Quần Easy Shorts Vải Cotton | Denim,391.000,https://image.uniqlo.com/UQ/ST3/vn/imagesgoods/473761/item/vngoods_65_473761_3x4.jpg?width=294,Quần Easy Shorts Vải Cotton | Denim,https://www.uniqlo.com/vn/vi/products/E473761-000
E473760-000,bottoms,Quần Easy Shorts Vải Cotton,391.000,https://image.uniqlo.com/UQ/ST3/vn/imagesgoods/473760/item/vngoods_30_473760_3x4.jpg?width=294,Quần Easy Shorts Vải Cotton,https://www.uniqlo.com/vn/vi/products/E473760-000
E458325-000,bottoms,Quần Easy Shorts Co Giãn | Vải Sọc Nhăn,391.000,https://image.uniqlo.com/UQ/ST3/vn/imagesgoods/458325/item/vngoods_64_458325_3x4.jpg?width=294,Quần Easy Shorts Co Giãn | Vải Sọc Nhăn,https://www.uniqlo.com/vn/vi/products/E458325-000
E480302-000,bottoms,Quần Váy Xếp Ly,588.000,https://image.uniqlo.com/UQ/ST3/vn/imagesgoods/480302/item/vngoods_08_480302_3x4.jpg?width=294,Quần Váy Xếp Ly,https://www.uniqlo.com/vn/vi/products/E480302-000
E479662-001,bottoms,Quần Váy | Họa Tiết,588.000,https://image.uniqlo.com/UQ/ST3/vn/imagesgoods/479662001/item/vngoods_35_479662001_3x4.jpg?width=294,Quần Váy | Họa Tiết,https://www.uniqlo.com/vn/vi/products/E479662-001
E479662-000,bottoms,Quần Váy,588.000,https://image.uniqlo.com/UQ/ST3/vn/imagesgoods/479662/item/vngoods_09_479662_3x4.jpg?width=294,Quần Váy,https://www.uniqlo.com/vn/vi/products/E479662-000
E476081-000,bottoms,Quần Easy Shorts Co Giãn,391.000,https://image.uniqlo.com/UQ/ST3/vn/imagesgoods/476081/item/vngoods_31_476081_3x4.jpg?width=294,Quần Easy Shorts Co Giãn,https://www.uniqlo.com/vn/vi/products/E476081-000
E455533-000,bottoms,Quần Shorts Co Giãn Dáng Slim Fit,588.000,https://image.uniqlo.com/UQ/ST3/vn/imagesgoods/455533/item/vngoods_05_455533_3x4.jpg?width=294,Quần Shorts Co Giãn Dáng Slim Fit,https://www.uniqlo.com/vn/vi/products/E455533-000
E480809-000,bottoms,AIRism Quần Leggings Mềm Ống Loe,588.000,https://image.uniqlo.com/UQ/ST3/AsianCommon/imagesgoods/480809/item/goods_69_480809_3x4.jpg?width=294,AIRism Quần Leggings Mềm Ống Loe,https://www.uniqlo.com/vn/vi/products/E480809-000
E474472-000,bottoms,AIRism Quần Leggings Mềm,588.000,https://image.uniqlo.com/UQ/ST3/vn/imagesgoods/474472/item/vngoods_09_474472_3x4.jpg?width=294,AIRism Quần Leggings Mềm,https://www.uniqlo.com/vn/vi/products/E474472-000
E480966-000,bottoms,HEATTECH Ultra Warm Quần Leggings Giữ Nhiệt,588.000,https://image.uniqlo.com/UQ/ST3/vn/imagesgoods/480966/item/vngoods_04_480966_3x4.jpg?width=294,HEATTECH Ultra Warm Quần Leggings Giữ Nhiệt,https://www.uniqlo.com/vn/vi/products/E480966-000
E481081-000,bottoms,HEATTECH Extra Warm Quần Leggings Giữ Nhiệt,489.000,https://image.uniqlo.com/UQ/ST3/vn/imagesgoods/481081/item/vngoods_07_481081_3x4.jpg?width=294,HEATTECH Extra Warm Quần Leggings Giữ Nhiệt,https://www.uniqlo.com/vn/vi/products/E481081-000
E469836-000,bottoms,HEATTECH Quần Leggings Giữ Nhiệt,293.000,https://image.uniqlo.com/UQ/ST3/vn/imagesgoods/469836/item/vngoods_09_469836_3x4.jpg?width=294,HEATTECH Quần Leggings Giữ Nhiệt,https://www.uniqlo.com/vn/vi/products/E469836-000
E460445-000,bottoms,HEATTECH Extra Warm Cotton Quần Leggings Giữ Nhiệt,489.000,https://image.uniqlo.com/UQ/ST3/vn/imagesgoods/460445/item/vngoods_09_460445_3x4.jpg?width=294,HEATTECH Extra Warm Cotton Quần Leggings Giữ Nhiệt,https://www.uniqlo.com/vn/vi/products/E460445-000
E464153-000,bottoms,Quần Leggings Bầu Siêu Co Giãn,588.000,https://image.uniqlo.com/UQ/ST3/AsianCommon/imagesgoods/464153/item/goods_68_464153_3x4.jpg?width=294,Quần Leggings Bầu Siêu Co Giãn,https://www.uniqlo.com/vn/vi/products/E464153-000
E464152-000,bottoms,Quần Leggings Bầu Siêu Co Giãn,588.000,https://image.uniqlo.com/UQ/ST3/AsianCommon/imagesgoods/464152/item/goods_09_464152_3x4.jpg?width=294,Quần Leggings Bầu Siêu Co Giãn,https://www.uniqlo.com/vn/vi/products/E464152-000
E469844-000,bottoms,HEATTECH Ultra Warm Quần Legging Giữ Nhiệt,588.000,https://image.uniqlo.com/UQ/ST3/vn/imagesgoods/469844/item/vngoods_03_469844_3x4.jpg?width=294,HEATTECH Ultra Warm Quần Legging Giữ Nhiệt,https://www.uniqlo.com/vn/vi/products/E469844-000
E479695-000,bottoms,Quần Giả Lông Cừu Giữ Ấm Ống Suông,588.000,https://image.uniqlo.com/UQ/ST3/vn/imagesgoods/479695/item/vngoods_39_479695_3x4.jpg?width=294,Quần Giả Lông Cừu Giữ Ấm Ống Suông,https://www.uniqlo.com/vn/vi/products/E479695-000
E479402-000,bottoms,Quần Giữ Ấm,980.000,https://image.uniqlo.com/UQ/ST3/vn/imagesgoods/479402/item/vngoods_30_479402_3x4.jpg?width=294,Quần Giữ Ấm,https://www.uniqlo.com/vn/vi/products/E479402-000
E484812-000,bottoms,Quần Jeans Ống Suông,980.000,https://image.uniqlo.com/UQ/ST3/vn/imagesgoods/484812/item/vngoods_01_484812_3x4.jpg?width=294,Quần Jeans Ống Suông,https://www.uniqlo.com/vn/vi/products/E484812-000
E482172-000,bottoms,Quần Shorts Vải Linen Cotton | Kẻ Sọc,588.000,https://image.uniqlo.com/UQ/ST3/vn/imagesgoods/482172/item/vngoods_52_482172_3x4.jpg?width=294,Quần Shorts Vải Linen Cotton | Kẻ Sọc,https://www.uniqlo.com/vn/vi/products/E482172-000
E482170-000,bottoms,Quần Shorts Vải Linen Cotton,588.000,https://image.uniqlo.com/UQ/ST3/vn/imagesgoods/482170/item/vngoods_32_482170_3x4.jpg?width=294,Quần Shorts Vải Linen Cotton,https://www.uniqlo.com/vn/vi/products/E482170-000
E479662-001,skirts-and-dresses,Quần Váy | Họa Tiết,588.000,https://image.uniqlo.com/UQ/ST3/vn/imagesgoods/479662001/item/vngoods_35_479662001_3x4.jpg?width=294,Quần Váy | Họa Tiết,https://www.uniqlo.com/vn/vi/products/E479662-001
E479662-000,skirts-and-dresses,Quần Váy,588.000,https://image.uniqlo.com/UQ/ST3/vn/imagesgoods/479662/item/vngoods_09_479662_3x4.jpg?width=294,Quần Váy,https://www.uniqlo.com/vn/vi/products/E479662-000
E480810-000,skirts-and-dresses,Chân Váy Vải Chiffon Xếp Tầng | Họa Tiết,784.000,https://image.uniqlo.com/UQ/ST3/vn/imagesgoods/480810/item/vngoods_57_480810_3x4.jpg?width=294,Chân Váy Vải Chiffon Xếp Tầng | Họa Tiết,https://www.uniqlo.com/vn/vi/products/E480810-000
E479011-000,skirts-and-dresses,Chân Váy Vải Chiffon Xếp Tầng,784.000,https://image.uniqlo.com/UQ/ST3/vn/imagesgoods/479011/item/vngoods_01_479011_3x4.jpg?width=294,Chân Váy Vải Chiffon Xếp Tầng,https://www.uniqlo.com/vn/vi/products/E479011-000
E480302-000,skirts-and-dresses,Quần Váy Xếp Ly,588.000,https://image.uniqlo.com/UQ/ST3/vn/imagesgoods/480302/item/vngoods_08_480302_3x4.jpg?width=294,Quần Váy Xếp Ly,https://www.uniqlo.com/vn/vi/products/E480302-000
E469830-000,skirts-and-dresses,Chân Váy Vải Satin,784.000,https://image.uniqlo.com/UQ/ST3/vn/imagesgoods/469830/item/vngoods_19_469830_3x4.jpg?width=294,Chân Váy Vải Satin,https://www.uniqlo.com/vn/vi/products/E469830-000
E485599-000,skirts-and-dresses,Chân Váy Nỉ Dry Dáng Ôm Dài,588.000,https://image.uniqlo.com/UQ/ST3/vn/imagesgoods/485599/item/vngoods_30_485599_3x4.jpg?width=294,Chân Váy Nỉ Dry Dáng Ôm Dài,https://www.uniqlo.com/vn/vi/products/E485599-000
E483572-000,skirts-and-dresses,Chân Váy Vải Cotton Xếp Nếp | Họa Tiết,784.000,https://image.uniqlo.com/UQ/ST3/vn/imagesgoods/483572/item/vngoods_01_483572_3x4.jpg?width=294,Chân Váy Vải Cotton Xếp Nếp | Họa Tiết,https://www.uniqlo.com/vn/vi/products/E483572-000
E481043-000,skirts-and-dresses,Chân Váy Vải Cotton Xếp Nếp,784.000,https://image.uniqlo.com/UQ/ST3/vn/imagesgoods/481043/item/vngoods_69_481043_3x4.jpg?width=294,Chân Váy Vải Cotton Xếp Nếp,https://www.uniqlo.com/vn/vi/products/E481043-000
E479740-000,skirts-and-dresses,Chân Váy Xếp Tầng,784.000,https://image.uniqlo.com/UQ/ST3/vn/imagesgoods/479740/item/vngoods_38_479740_3x4.jpg?width=294,Chân Váy Xếp Tầng,https://www.uniqlo.com/vn/vi/products/E479740-000
E476319-000,skirts-and-dresses,Chân Váy Cocoon Vải Pha Cotton,784.000,https://image.uniqlo.com/UQ/ST3/vn/imagesgoods/476319/item/vngoods_09_476319_3x4.jpg?width=294,Chân Váy Cocoon Vải Pha Cotton,https://www.uniqlo.com/vn/vi/products/E476319-000
E481011-000,skirts-and-dresses,AIRism Cotton Đầm Thun Dáng Xòe,588.000,https://image.uniqlo.com/UQ/ST3/vn/imagesgoods/481011/item/vngoods_36_481011_3x4.jpg?width=294,AIRism Cotton Đầm Thun Dáng Xòe,https://www.uniqlo.com/vn/vi/products/E481011-000
E478730-000,skirts-and-dresses,Đầm Len Sợi Souffle,784.000,https://image.uniqlo.com/UQ/ST3/vn/imagesgoods/478730/item/vngoods_68_478730_3x4.jpg?width=294,Đầm Len Sợi Souffle,https://www.uniqlo.com/vn/vi/products/E478730-000
E478725-000,skirts-and-dresses,Đầm Mini Vải Double Face,980.000,https://image.uniqlo.com/UQ/ST3/vn/imagesgoods/478725/item/vngoods_67_478725_3x4.jpg?width=294,Đầm Mini Vải Double Face,https://www.uniqlo.com/vn/vi/products/E478725-000
E484883-000,skirts-and-dresses,AIRism Đầm Siêu Co Giãn | Không Tay,588.000,https://image.uniqlo.com/UQ/ST3/vn/imagesgoods/484883/item/vngoods_01_484883_3x4.jpg?width=294,AIRism Đầm Siêu Co Giãn | Không Tay,https://www.uniqlo.com/vn/vi/products/E484883-000
E479748-000,skirts-and-dresses,AIRism Đầm Polo Mềm | Không Tay,784.000,https://image.uniqlo.com/UQ/ST3/vn/imagesgoods/479748/item/vngoods_69_479748_3x4.jpg?width=294,AIRism Đầm Polo Mềm | Không Tay,https://www.uniqlo.com/vn/vi/products/E479748-000
E481012-000,skirts-and-dresses,Đầm Tích Hợp Áo Bra Siêu Co Giãn,784.000,https://image.uniqlo.com/UQ/ST3/vn/imagesgoods/481012/item/vngoods_01_481012_3x4.jpg?width=294,Đầm Tích Hợp Áo Bra Siêu Co Giãn,https://www.uniqlo.com/vn/vi/products/E481012-000
E480636-000,skirts-and-dresses,Đầm Bra Kiểu Có Thể Giặt Máy | Không Tay,784.000,https://image.uniqlo.com/UQ/ST3/vn/imagesgoods/480636/item/vngoods_34_480636_3x4.jpg?width=294,Đầm Bra Kiểu Có Thể Giặt Máy | Không Tay,https://www.uniqlo.com/vn/vi/products/E480636-000
E480632-000,skirts-and-dresses,Đầm Vải Nylon | Tay Lửng 3/4,980.000,https://image.uniqlo.com/UQ/ST3/vn/imagesgoods/480632/item/vngoods_02_480632_3x4.jpg?width=294,Đầm Vải Nylon | Tay Lửng 3/4,https://www.uniqlo.com/vn/vi/products/E480632-000
E485714-000,skirts-and-dresses,Chân Váy Đuôi Cá | Họa Tiết,784.000,https://image.uniqlo.com/UQ/ST3/vn/imagesgoods/485714/item/vngoods_01_485714_3x4.jpg?width=294,Chân Váy Đuôi Cá | Họa Tiết,https://www.uniqlo.com/vn/vi/products/E485714-000
E484853-000,skirts-and-dresses,Chân Váy Đuôi Cá,784.000,https://image.uniqlo.com/UQ/ST3/vn/imagesgoods/484853/item/vngoods_56_484853_3x4.jpg?width=294,Chân Váy Đuôi Cá,https://www.uniqlo.com/vn/vi/products/E484853-000
E474895-001,sport-utility-wear,Áo Parka Chống Tia UV Bỏ Túi | Họa Tiết,784.000,https://image.uniqlo.com/UQ/ST3/vn/imagesgoods/474895001/item/vngoods_11_474895001_3x4.jpg?width=294,Áo Parka Chống Tia UV Bỏ Túi | Họa Tiết,https://www.uniqlo.com/vn/vi/products/E474895-001
E474175-000,sport-utility-wear,Áo Khoác Chống Tia UV Bỏ Túi,784.000,https://image.uniqlo.com/UQ/ST3/vn/imagesgoods/474175/item/vngoods_12_474175_3x4.jpg?width=294,Áo Khoác Chống Tia UV Bỏ Túi,https://www.uniqlo.com/vn/vi/products/E474175-000
E479751-000,sport-utility-wear,PUFFTECH Áo Khoác Chần Bông,1.471.000,https://image.uniqlo.com/UQ/ST3/vn/imagesgoods/479751/item/vngoods_73_479751_3x4.jpg?width=294,PUFFTECH Áo Khoác Chần Bông,https://www.uniqlo.com/vn/vi/products/E479751-000
E479210-000,sport-utility-wear,PUFFTECH Áo Gi Lê Chần Bông Dáng Lửng,980.000,https://image.uniqlo.com/UQ/ST3/vn/imagesgoods/479210/item/vngoods_57_479210_3x4.jpg?width=294,PUFFTECH Áo Gi Lê Chần Bông Dáng Lửng,https://www.uniqlo.com/vn/vi/products/E479210-000
E474894-000,sport-utility-wear,Áo Khoác Cản Gió,1.275.000,https://image.uniqlo.com/UQ/ST3/vn/imagesgoods/474894/item/vngoods_69_474894_3x4.jpg?width=294,Áo Khoác Cản Gió,https://www.uniqlo.com/vn/vi/products/E474894-000
E456261-000,sport-utility-wear,AIRism Áo Hoodie Chống UV Kéo Khóa,588.000,https://image.uniqlo.com/UQ/ST3/vn/imagesgoods/456261/item/vngoods_10_456261_3x4.jpg?width=294,AIRism Áo Hoodie Chống UV Kéo Khóa,https://www.uniqlo.com/vn/vi/products/E456261-000
E449753-000,sport-utility-wear,Áo Khoác Giả Lông Cừu Loại Dày Kéo Khóa,588.000,https://image.uniqlo.com/UQ/ST3/vn/imagesgoods/449753/item/vngoods_01_449753_3x4.jpg?width=294,Áo Khoác Giả Lông Cừu Loại Dày Kéo Khóa,https://www.uniqlo.com/vn/vi/products/E449753-000
E465471-000,sport-utility-wear,Áo Parka Hai Mặt,784.000,https://image.uniqlo.com/UQ/ST3/vn/imagesgoods/465471/item/vngoods_02_465471_3x4.jpg?width=294,Áo Parka Hai Mặt,https://www.uniqlo.com/vn/vi/products/E465471-000
E477602-000,sport-utility-wear,AIRism Áo Hoodie Chống Tia UV Kéo Khóa | Họa Tiết,588.000,https://image.uniqlo.com/UQ/ST3/vn/imagesgoods/477602/item/vngoods_02_477602_3x4.jpg?width=294,AIRism Áo Hoodie Chống Tia UV Kéo Khóa | Họa Tiết,https://www.uniqlo.com/vn/vi/products/E477602-000
E479697-000,sport-utility-wear,Áo Khoác Giả Lông Cừu Hai Mặt Cản Gió,980.000,https://image.uniqlo.com/UQ/ST3/vn/imagesgoods/479697/item/vngoods_09_479697_3x4.jpg?width=294,Áo Khoác Giả Lông Cừu Hai Mặt Cản Gió,https://www.uniqlo.com/vn/vi/products/E479697-000
E465755-000,sport-utility-wear,AIRism Cotton Áo Thun,293.000,https://image.uniqlo.com/UQ/ST3/vn/imagesgoods/465755/item/vngoods_00_465755_3x4.jpg?width=294,AIRism Cotton Áo Thun,https://www.uniqlo.com/vn/vi/products/E465755-000
E465191-000,sport-utility-wear,DRY-EX Áo Thun Cổ Tròn,391.000,https://image.uniqlo.com/UQ/ST3/vn/imagesgoods/465191/item/vngoods_54_465191_3x4.jpg?width=294,DRY-EX Áo Thun Cổ Tròn,https://www.uniqlo.com/vn/vi/products/E465191-000
E474415-000,sport-utility-wear,AIRism Áo Thun Không Đường May,391.000,https://image.uniqlo.com/UQ/ST3/vn/imagesgoods/474415/item/vngoods_12_474415_3x4.jpg?width=294,AIRism Áo Thun Không Đường May,https://www.uniqlo.com/vn/vi/products/E474415-000
E479619-000,sport-utility-wear,Quần Nỉ Dry Ống Cong,686.000,https://image.uniqlo.com/UQ/ST3/vn/imagesgoods/479619/item/vngoods_58_479619_3x4.jpg?width=294,Quần Nỉ Dry Ống Cong,https://www.uniqlo.com/vn/vi/products/E479619-000
E471809-000,sport-utility-wear,Quần Nỉ Dáng Rộng,784.000,https://image.uniqlo.com/UQ/ST3/vn/imagesgoods/471809/item/vngoods_18_471809_3x4.jpg?width=294,Quần Nỉ Dáng Rộng,https://www.uniqlo.com/vn/vi/products/E471809-000
E479402-000,sport-utility-wear,Quần Giữ Ấm,980.000,https://image.uniqlo.com/UQ/ST3/vn/imagesgoods/479402/item/vngoods_30_479402_3x4.jpg?width=294,Quần Giữ Ấm,https://www.uniqlo.com/vn/vi/products/E479402-000
E455942-000,sport-utility-wear,AIRism Quần Jogger Siêu Co Giãn,489.000,https://image.uniqlo.com/UQ/ST3/vn/imagesgoods/455942/item/vngoods_69_455942_3x4.jpg?width=294,AIRism Quần Jogger Siêu Co Giãn,https://www.uniqlo.com/vn/vi/products/E455942-000
E480809-000,sport-utility-wear,AIRism Quần Leggings Mềm Ống Loe,588.000,https://image.uniqlo.com/UQ/ST3/AsianCommon/imagesgoods/480809/item/goods_69_480809_3x4.jpg?width=294,AIRism Quần Leggings Mềm Ống Loe,https://www.uniqlo.com/vn/vi/products/E480809-000
E474472-000,sport-utility-wear,AIRism Quần Leggings Mềm,588.000,https://image.uniqlo.com/UQ/ST3/vn/imagesgoods/474472/item/vngoods_09_474472_3x4.jpg?width=294,AIRism Quần Leggings Mềm,https://www.uniqlo.com/vn/vi/products/E474472-000
E475820-000,sport-utility-wear,Quần Dài Gear,784.000,https://image.uniqlo.com/UQ/ST3/vn/imagesgoods/475820/item/vngoods_61_475820_3x4.jpg?width=294,Quần Dài Gear,https://www.uniqlo.com/vn/vi/products/E475820-000
E474481-000,sport-utility-wear,Quần Dài Siêu Co Giãn Dáng Rộng,588.000,https://image.uniqlo.com/UQ/ST3/vn/imagesgoods/474481/item/vngoods_33_474481_3x4.jpg?width=294,Quần Dài Siêu Co Giãn Dáng Rộng,https://www.uniqlo.com/vn/vi/products/E474481-000
E473979-000,sport-utility-wear,AIRism Áo Bra Top | Không Tay,489.000,https://image.uniqlo.com/UQ/ST3/vn/imagesgoods/473979/item/vngoods_71_473979_3x4.jpg?width=294,AIRism Áo Bra Top | Không Tay,https://www.uniqlo.com/vn/vi/products/E473979-000
E465707-000,sport-utility-wear,AIRism Áo Bra Top Hai Dây,489.000,https://image.uniqlo.com/UQ/ST3/vn/imagesgoods/465707/item/vngoods_09_465707_3x4.jpg?width=294,AIRism Áo Bra Top Hai Dây,https://www.uniqlo.com/vn/vi/products/E465707-000
E480709-000,sport-utility-wear,Tất Ngắn | 3 Đôi| Ribbed Mix Yarn,195.000,https://image.uniqlo.com/UQ/ST3/AsianCommon/imagesgoods/480709/item/goods_41_480709_3x4.jpg?width=294,Tất Ngắn | 3 Đôi| Ribbed Mix Yarn,https://www.uniqlo.com/vn/vi/products/E480709-000
E480414-000,loungewear-and-homewear,Áo Polo Dệt Kim Vải Gân Có Thể Giặt Máy,588.000,https://image.uniqlo.com/UQ/ST3/vn/imagesgoods/480414/item/vngoods_35_480414_3x4.jpg?width=294,Áo Polo Dệt Kim Vải Gân Có Thể Giặt Máy,https://www.uniqlo.com/vn/vi/products/E480414-000
E478870-000,loungewear-and-homewear,Áo Cardigan Dệt Kim Vải Gân Có Thể Giặt Máy,588.000,https://image.uniqlo.com/UQ/ST3/vn/imagesgoods/478870/item/vngoods_30_478870_3x4.jpg?width=294,Áo Cardigan Dệt Kim Vải Gân Có Thể Giặt Máy,https://www.uniqlo.com/vn/vi/products/E478870-000
E478848-000,loungewear-and-homewear,Quần Len Vặn Thừng Có Thể Giặt Máy,489.000,https://image.uniqlo.com/UQ/ST3/vn/imagesgoods/478848/item/vngoods_33_478848_3x4.jpg?width=294,Quần Len Vặn Thừng Có Thể Giặt Máy,https://www.uniqlo.com/vn/vi/products/E478848-000
E481486-000,loungewear-and-homewear,Quần Dài Vải Dạ | Gingham,489.000,https://image.uniqlo.com/UQ/ST3/vn/imagesgoods/481486/item/vngoods_66_481486_3x4.jpg?width=294,Quần Dài Vải Dạ | Gingham,https://www.uniqlo.com/vn/vi/products/E481486-000
E478861-000,loungewear-and-homewear,Quần Dài Vải Dạ | Caro,489.000,https://image.uniqlo.com/UQ/ST3/vn/imagesgoods/478861/item/vngoods_37_478861_3x4.jpg?width=294,Quần Dài Vải Dạ | Caro,https://www.uniqlo.com/vn/vi/products/E478861-000
E478849-000,loungewear-and-homewear,Quần Dài Vải Dạ,489.000,https://image.uniqlo.com/UQ/ST3/vn/imagesgoods/478849/item/vngoods_02_478849_3x4.jpg?width=294,Quần Dài Vải Dạ,https://www.uniqlo.com/vn/vi/products/E478849-000
E478858-000,loungewear-and-homewear,Quần Cotton Dáng Relax Dài Đến Mắt Cá,489.000,https://image.uniqlo.com/UQ/ST3/vn/imagesgoods/478858/item/vngoods_33_478858_3x4.jpg?width=294,Quần Cotton Dáng Relax Dài Đến Mắt Cá,https://www.uniqlo.com/vn/vi/products/E478858-000
E471401-000,loungewear-and-homewear,Quần Cotton Dáng Relax Dài Đến Mắt Cá | Denim,489.000,https://image.uniqlo.com/UQ/ST3/vn/imagesgoods/471401/item/vngoods_67_471401_3x4.jpg?width=294,Quần Cotton Dáng Relax Dài Đến Mắt Cá | Denim,https://www.uniqlo.com/vn/vi/products/E471401-000
E466026-000,loungewear-and-homewear,Quần Cotton Dáng Relax Dài Đến Mắt Cá,489.000,https://image.uniqlo.com/UQ/ST3/vn/imagesgoods/466026/item/vngoods_31_466026_3x4.jpg?width=294,Quần Cotton Dáng Relax Dài Đến Mắt Cá,https://www.uniqlo.com/vn/vi/products/E466026-000
E478529-000,loungewear-and-homewear,Quần Easy Vải Pha Linen | Kẻ Sọc,588.000,https://image.uniqlo.com/UQ/ST3/vn/imagesgoods/478529/item/vngoods_69_478529_3x4.jpg?width=294,Quần Easy Vải Pha Linen | Kẻ Sọc,https://www.uniqlo.com/vn/vi/products/E478529-000
E478528-000,loungewear-and-homewear,Quần Easy Vải Pha Linen,588.000,https://image.uniqlo.com/UQ/ST3/vn/imagesgoods/478528/item/vngoods_30_478528_3x4.jpg?width=294,Quần Easy Vải Pha Linen,https://www.uniqlo.com/vn/vi/products/E478528-000
E483913-000,loungewear-and-homewear,Quần Easy Shorts Vải Cotton | Kẻ Sọc,391.000,https://image.uniqlo.com/UQ/ST3/vn/imagesgoods/483913/item/vngoods_30_483913_3x4.jpg?width=294,Quần Easy Shorts Vải Cotton | Kẻ Sọc,https://www.uniqlo.com/vn/vi/products/E483913-000
E483912-000,loungewear-and-homewear,Quần Easy Shorts Vải Cotton | Denim,391.000,https://image.uniqlo.com/UQ/ST3/vn/imagesgoods/483912/item/vngoods_65_483912_3x4.jpg?width=294,Quần Easy Shorts Vải Cotton | Denim,https://www.uniqlo.com/vn/vi/products/E483912-000
E482646-000,loungewear-and-homewear,Quần Easy Shorts Vải Cotton,391.000,https://image.uniqlo.com/UQ/ST3/vn/imagesgoods/482646/item/vngoods_09_482646_3x4.jpg?width=294,Quần Easy Shorts Vải Cotton,https://www.uniqlo.com/vn/vi/products/E482646-000
E481142-000,loungewear-and-homewear,Quần Easy Shorts Vải Cotton | Hickory,391.000,https://image.uniqlo.com/UQ/ST3/vn/imagesgoods/481142/item/vngoods_33_481142_3x4.jpg?width=294,Quần Easy Shorts Vải Cotton | Hickory,https://www.uniqlo.com/vn/vi/products/E481142-000
E473761-000,loungewear-and-homewear,Quần Easy Shorts Vải Cotton | Denim,391.000,https://image.uniqlo.com/UQ/ST3/vn/imagesgoods/473761/item/vngoods_65_473761_3x4.jpg?width=294,Quần Easy Shorts Vải Cotton | Denim,https://www.uniqlo.com/vn/vi/products/E473761-000
E473760-000,loungewear-and-homewear,Quần Easy Shorts Vải Cotton,391.000,https://image.uniqlo.com/UQ/ST3/vn/imagesgoods/473760/item/vngoods_30_473760_3x4.jpg?width=294,Quần Easy Shorts Vải Cotton,https://www.uniqlo.com/vn/vi/products/E473760-000
E481560-000,loungewear-and-homewear,Quần Easy Vải Pha Linen | Kẻ Sọc,588.000,https://image.uniqlo.com/UQ/ST3/vn/imagesgoods/481560/item/vngoods_55_481560_3x4.jpg?width=294,Quần Easy Vải Pha Linen | Kẻ Sọc,https://www.uniqlo.com/vn/vi/products/E481560-000
E470173-000,loungewear-and-homewear,Quần Dệt Kim Vải Gân Có Thể Giặt Máy,588.000,https://image.uniqlo.com/UQ/ST3/vn/imagesgoods/470173/item/vngoods_09_470173_3x4.jpg?width=294,Quần Dệt Kim Vải Gân Có Thể Giặt Máy,https://www.uniqlo.com/vn/vi/products/E470173-000
E482245-000,loungewear-and-homewear,Quần Easy Co Giãn | Vải Jersey,588.000,https://image.uniqlo.com/UQ/ST3/vn/imagesgoods/482245/item/vngoods_03_482245_3x4.jpg?width=294,Quần Easy Co Giãn | Vải Jersey,https://www.uniqlo.com/vn/vi/products/E482245-000
E479382-000,loungewear-and-homewear,Quần Dài Geared,784.000,https://image.uniqlo.com/UQ/ST3/vn/imagesgoods/479382/item/vngoods_31_479382_3x4.jpg?width=294,Quần Dài Geared,https://www.uniqlo.com/vn/vi/products/E479382-000
E479134-000,loungewear-and-homewear,Quần Easy Co Giãn Dài Đến Mắt Cá,588.000,https://image.uniqlo.com/UQ/ST3/vn/imagesgoods/479134/item/vngoods_08_479134_3x4.jpg?width=294,Quần Easy Co Giãn Dài Đến Mắt Cá,https://www.uniqlo.com/vn/vi/products/E479134-000
E461420-000,loungewear-and-homewear,Quần Cotton Dài Đến Mắt Cá | Vải Denim,588.000,https://image.uniqlo.com/UQ/ST3/vn/imagesgoods/461420/item/vngoods_63_461420_3x4.jpg?width=294,Quần Cotton Dài Đến Mắt Cá | Vải Denim,https://www.uniqlo.com/vn/vi/products/E461420-000
E483896-000,loungewear-and-homewear,Quần Cotton Dáng Relax Dài Đến Mắt Cá | Vải Denim,588.000,https://image.uniqlo.com/UQ/ST3/vn/imagesgoods/483896/item/vngoods_65_483896_3x4.jpg?width=294,Quần Cotton Dáng Relax Dài Đến Mắt Cá | Vải Denim,https://www.uniqlo.com/vn/vi/products/E483896-000
E482243-000,loungewear-and-homewear,Quần Cotton Dáng Relax Dài Đến Mắt Cá,588.000,https://image.uniqlo.com/UQ/ST3/vn/imagesgoods/482243/item/vngoods_09_482243_3x4.jpg?width=294,Quần Cotton Dáng Relax Dài Đến Mắt Cá,https://www.uniqlo.com/vn/vi/products/E482243-000
